,IL2412_cMC_167Er_ERK12,IL2412_MDSC_167Er_ERK12,IL2412_intMC_167Er_ERK12,IL2412_ncMC_167Er_ERK12,IL2412_NK_167Er_ERK12,IL2412_CD56brightCD16negNK_167Er_ERK12,IL2412_CD56dimCD16posNK_167Er_ERK12,IL2412_gdT_167Er_ERK12,IL2412_Tcells_167Er_ERK12,IL2412_cMC_164Dy_IkB,IL2412_MDSC_164Dy_IkB,IL2412_cMC_159Tb_pMAPKAPK2,IL2412_MDSC_159Tb_pMAPKAPK2,IL2412_intMC_159Tb_pMAPKAPK2,IL2412_ncMC_159Tb_pMAPKAPK2,IL2412_Treg_159Tb_pMAPKAPK2,IL2412_Tregnaive_159Tb_pMAPKAPK2,IL2412_Tregmem_159Tb_pMAPKAPK2,IL2412_cMC_166Er_NFkB,IL2412_MDSC_166Er_NFkB,IL2412_cMC_151Eu_p38,IL2412_MDSC_151Eu_p38,IL2412_intMC_151Eu_p38,IL2412_ncMC_151Eu_p38,IL2412_NK_151Eu_p38,IL2412_CD56brightCD16negNK_151Eu_p38,IL2412_CD56dimCD16posNK_151Eu_p38,IL2412_gdT_151Eu_p38,IL2412_Tcells_151Eu_p38,IL2412_CD4T_151Eu_p38,IL2412_CD4Tnaive_151Eu_p38,IL2412_CD4Tmem_151Eu_p38,IL2412_Treg_151Eu_p38,IL2412_Tregnaive_151Eu_p38,IL2412_Tregmem_151Eu_p38,IL2412_Th1_151Eu_p38,IL2412_Th1mem_151Eu_p38,IL2412_Th1naive_151Eu_p38,IL2412_Th2_151Eu_p38,IL2412_CD8T_151Eu_p38,IL2412_CD8Tmem_151Eu_p38,IL2412_CD8Tnaive_151Eu_p38,IL2412_Treg_155Gd_S6,IL2412_Tregnaive_155Gd_S6,IL2412_Tregmem_155Gd_S6,IL2412_Bcells_150Nd_STAT5,IL2412_Bmem_150Nd_STAT5,IL2412_Bnaive_150Nd_STAT5,IL2412_NK_150Nd_STAT5,IL2412_CD56brightCD16negNK_150Nd_STAT5,IL2412_CD56dimCD16posNK_150Nd_STAT5,IL2412_gdT_150Nd_STAT5,IL2412_Tcells_150Nd_STAT5,IL2412_CD4T_150Nd_STAT5,IL2412_CD4Tnaive_150Nd_STAT5,IL2412_CD4Tmem_150Nd_STAT5,IL2412_Treg_150Nd_STAT5,IL2412_Tregnaive_150Nd_STAT5,IL2412_Tregmem_150Nd_STAT5,IL2412_Th1_150Nd_STAT5,IL2412_Th1mem_150Nd_STAT5,IL2412_Th1naive_150Nd_STAT5,IL2412_Th2_150Nd_STAT5,IL2412_CD8T_150Nd_STAT5,IL2412_CD8Tmem_150Nd_STAT5,IL2412_CD8Tnaive_150Nd_STAT5,IL2412_Granulocytes_168Er_STAT6,IL2412_Bcells_168Er_STAT6,IL2412_Bmem_168Er_STAT6,IL2412_Bnaive_168Er_STAT6,IL2412_cMC_168Er_STAT6,IL2412_MDSC_168Er_STAT6,IL2412_DC_168Er_STAT6,IL2412_mDC_168Er_STAT6,IL2412_pDC_168Er_STAT6,IL2412_intMC_168Er_STAT6,IL2412_ncMC_168Er_STAT6,IL2412_NK_168Er_STAT6,IL2412_CD56brightCD16negNK_168Er_STAT6,IL2412_CD56dimCD16posNK_168Er_STAT6,IL2412_gdT_168Er_STAT6,IL2412_Tcells_168Er_STAT6,IL2412_CD4T_168Er_STAT6,IL2412_CD4Tnaive_168Er_STAT6,IL2412_CD4Tmem_168Er_STAT6,IL2412_Treg_168Er_STAT6,IL2412_Tregnaive_168Er_STAT6,IL2412_Tregmem_168Er_STAT6,IL2412_Th1_168Er_STAT6,IL2412_Th1mem_168Er_STAT6,IL2412_Th1naive_168Er_STAT6,IL2412_Th2_168Er_STAT6,IL2412_CD8T_168Er_STAT6,IL2412_CD8Tmem_168Er_STAT6,IL2412_CD8Tnaive_168Er_STAT6
0020,0.595803841089339,0.225745187315806,0.403951327216045,0.0383343916024554,0.0292554842939605,0.257987610060883,-0.0013548509094185,0.237173078588908,0.0985999341894622,-0.475384636090615,-0.669204926490489,0.184405173804245,0.383927746456473,-0.0902269690721378,-0.0576318749650566,-0.311085523866643,-0.324546650208043,-0.309285651136026,-0.308704413704638,-0.375134526004233,0.473821983986993,0.470825325051658,0.175126756656496,0.161211368042557,0.0878250803141915,0.328606655640954,0.0719803358926701,0.402076092766152,0.146280159600579,0.151005807164945,0.107963653197469,0.197555751789225,0.234988960594743,0.214776187317405,0.247750782815939,0.161498174010796,0.167644283139083,0.126008046933145,0.111131516888253,0.100192826427684,0.116922385776557,0.0795689224269187,-0.0422596524744886,-0.0149419931792363,-0.0470948493118873,0.228731508147283,0.171396758116042,0.238648474615483,0.180992557423621,0.953834307267464,0.162694745596946,0.365573472054553,1.19610092689789,1.31798373022479,1.00177747428284,1.7279257463481,2.33498978387239,2.18625642453,2.38863557346049,1.29847513206134,1.43214420476826,1.18588528452128,1.57529709188555,0.332223982382516,0.480838275813519,0.206438470674774,2.13509283284389,2.00820157295322,1.42782256728919,2.11376301930105,2.76872665147902,2.45829779983822,0.898740832388415,2.52855540876047,2.22480485945135,2.73512544350992,1.45743605326556,1.44750620807159,1.99408968367171,1.2956357812881,1.52712905612082,1.82087844458644,1.83033809042012,1.82152137270044,1.83324632512608,1.74837105697577,1.66545924324177,1.76800725115343,1.65500012040255,1.53127295836026,1.61808318116809,1.66862586746258,1.75008317095167,1.70819024566462,1.79762053982038
0126,0.997092406718956,0.652773758003643,1.63459869692045,0.10569268284021,0.391342056460765,1.09474563507867,0.382839544082594,0.308860397126593,0.112784183348776,-0.609573300024157,-0.50888185530004,0.307842359000665,0.226186886115875,0.425556572632125,-0.131510661153297,-0.190428763025481,-0.162756996696083,-0.196151501489075,0.0856161450958897,-0.0037470276719346,1.25526464195938,1.33555233398161,1.25127357909841,0.18098805340688,0.326160748658114,0.578982054324551,0.320266908301121,0.656489102475799,0.50647940425467,0.522998141466196,0.349028832493542,0.636770110092802,0.625262716012119,0.542151240567523,0.636257230255518,0.656563017989742,0.668318201107066,0.541833873873149,0.615631682352612,0.446641222078712,0.546123305293441,0.395233606040133,-0.0005112575746669,0.0054609017992799,0.0036929723318906,0.353775823507624,0.0354997552407955,0.395750606769276,1.07117912284449,1.44218813071378,1.06156026922147,1.80074420537818,1.6445752829121,1.62543311387839,1.21251864195246,1.80593775417354,1.86853941106278,1.74431913172242,1.8927785348465,1.86504970638642,1.89437462828913,1.56441929585002,1.7195945373079,1.71099750300949,1.820250608262,1.65151419043276,1.80259725079404,3.42313328191271,2.8258410893018,3.49122140919033,4.02511023711371,3.28032295366917,1.32777437827585,3.04558595069508,3.54237681286802,4.23200978283221,2.06828194239054,2.41449626655069,3.08346652805545,2.3933013447025,2.31792867031054,2.63796955735026,2.61941084689703,2.68878932427936,2.56188957175982,2.25304205242092,2.45222647434723,2.20881523896393,2.47950870539196,2.42257085667721,2.91004976029337,2.63153657786878,2.73647473212289,2.54991778571344,2.83753504387054
0145,0.881316598097702,0.603996995425359,1.03757527260698,0.0956389999745771,0.360521156179473,1.12494234928161,0.355393040534953,0.460368409920574,0.215865099929174,-0.870114725192933,-0.502585168280712,0.899974776493701,0.950946375118528,0.838780896631254,0.0627447814084536,-0.0419891920722237,-0.0616227462600279,-0.026154156368473,0.0514622811880847,0.276922907396882,1.2949801393326,1.50269822572729,1.39390708163617,0.102550547996188,0.238987975879236,0.493817322873449,0.227832206613066,0.314045820416853,0.313717355447527,0.329770010331098,0.264277414370248,0.421330708460092,0.439311410105929,0.354484473539538,0.472083931170516,0.358355645796333,0.34154431622692,0.438499460388487,0.366310170837627,0.284074811239725,0.378288555595086,0.260065067358789,-0.0199742501906347,-0.0315109335405991,-0.0149739740801595,0.306522404939091,0.0549927132125886,0.369801348569293,1.54989166246581,1.75826019741565,1.51840955449623,2.00945440541179,2.05912325556193,2.12306285997879,1.89414903471562,2.32977858664583,2.35787625001895,2.2441839305177,2.39842763985799,2.01465795759117,2.04767134479527,1.83782779890057,2.16101008609409,1.98776561683046,2.16239504657944,1.93918956852302,2.50951832714624,3.54150069468729,3.06503452551668,3.61790568343431,4.2335146775599,3.46899963629286,1.26971815033848,3.29974585865568,3.71707275659599,4.3517449297854,2.70112521397466,2.64534539252966,3.07663932913219,2.63760456283327,2.59211161233189,2.79521392429078,2.81536101804951,2.80635531356895,2.80648437570647,2.58189613324741,2.68921515738111,2.5164241745594,2.55576682814122,2.53225644669277,2.74168896051742,2.84977531088222,2.60509288266955,2.66401642737672,2.58889244311234
0004,0.41294782035199,0.246711279006877,0.14949505506907,0.17802879566054,0.0778085474271955,0.1773926314211,0.0476542026619915,0.109774995085069,0.0763887970854713,,,-0.186004569970847,-0.156668331943132,-0.801587736641604,0.309371944485488,-0.192150457996766,-0.196741967181204,-0.192285995823711,0.025959771945427,0.0118645207791448,0.196718230934193,0.12108691616476,-0.381536418998606,0.450620072945274,0.07395168234282,0.166007955685975,0.0610003753274807,0.0167280272419916,0.111020765661419,0.164211172979275,0.205776367620823,0.153554362240091,0.362843668101861,0.366294675488703,0.365635543239122,0.0291568889846779,0.0288802931017513,-0.0505161124797334,0.212869133707251,0.0374454996267053,0.0898166931404786,0.0173577865325088,0.0185385652492551,-0.0454261669282913,0.0224606840586132,0.225367113722218,0.127789883632625,0.2289284605287,0.15149885887873,0.305281074707654,0.120846450737695,0.0657215077798739,0.403903241889667,0.736677205714788,0.548284501222239,0.810116815515984,1.78776604981193,1.77026279841944,1.7905704136559,0.200116888691486,0.19426835706782,0.226264249635633,1.00098916890049,0.102698329765196,0.272355552982083,0.0682533308387584,3.14760885045573,3.74725040208799,3.17478115299765,3.76318111233926,4.14655891931291,4.06449159448157,1.75242196865128,3.99107509168331,3.58578492781743,2.66480217659905,3.03631103277879,2.47743180268663,2.84969913208555,2.38770663938944,2.10756641349263,2.6658464620388,2.88108966132258,2.96732477819696,2.83254934872073,2.95121283082408,2.85281915983934,2.95410998311846,2.13553611230563,2.11837611397302,2.48904450289435,3.06545143773401,2.1677097334942,2.51158860938862,2.04040523940301
0005,0.158001767176324,0.236816058567412,0.0411042867055931,0.0,0.0126332440654808,0.0166518819943453,0.0141509387265619,-0.0178787714870412,0.0081295044821576,-0.278561077236075,-0.268689208068827,0.257027988319802,0.335209856035676,0.237103463814798,-0.0005423887366849,-0.0070732564220254,-0.16080035635939,-0.0026555825301008,-0.0098707747080188,0.0196648473933462,0.363301053712124,0.529166057276478,0.333354500423047,0.0,0.0,-0.0776565588965504,-0.0045892260066552,0.0046221121480854,0.0160841220108969,0.0283811739176469,0.0200132845535637,0.0282684164723177,0.153850023725142,0.0,0.157631968295749,0.0068640248111944,-0.0002554139285852,0.128181027427837,0.0744071059682306,-0.0044315003100372,-0.0036739537380362,-0.0056876265199204,0.0,0.0,0.0,0.148050260256978,0.0600909058204828,0.187867420003117,0.041819493508266,0.424074070181566,0.0421741278058545,0.331487476372056,0.156443186168401,0.258524521549876,0.390068474688583,0.23952350442487,2.28221282865157,1.94051072558852,2.29455095053965,0.0120079900227421,-0.0077948289473728,0.364344628436369,0.753070708942403,0.0629263848377836,0.118844919394072,0.0266601703643444,3.05306317119986,3.21624703099617,2.81930277234901,3.31037383229785,3.91556277125392,3.8102755441085,0.290723192419295,2.54804298353752,3.21368579345246,3.92475882235395,1.13447662945899,2.07859769083361,2.68881225920026,2.08453668926129,1.49409160459504,1.94323620902169,2.04455678501188,2.33124346474405,2.0032454580845,1.8577006688536,2.36310529082572,1.84535664197912,1.71179896917902,1.68377459536265,2.60771706327551,2.27668342831421,1.80910381308804,1.96575246971003,1.6637660689581
0013,0.0949165749299183,0.0014560297023393,-0.194459025153444,0.195839018762648,0.0766067494586687,0.844276940259988,0.0803521980929353,0.0853026594206424,0.100315997266549,-0.586998795605405,-0.531855284506036,-0.418398392370749,-0.405432434547686,-0.631317056928797,-0.565820138469213,-0.591080465072178,-0.446657474563549,-0.591565734460307,-0.302301068746355,-0.259033453321667,0.077617953241149,0.162102673146732,0.0710777975843322,-0.0452681486601051,0.0645743769051007,0.480725505946152,0.0688839476008454,0.582802180615134,0.0042995320207093,0.0434063168372725,0.0116261910172414,0.0470075751043164,0.228026846503018,0.213139178550259,0.227963683395734,-0.0009060458281367,-0.0010752517159667,0.0219891934207736,0.171023808329379,-0.0353292423623707,-0.0031511978236219,-0.0630002572774376,-0.113177982264167,-0.152521703127739,-0.113703188612052,0.354345995420512,0.0537198220865318,0.411323981470411,0.46830319586189,1.61664507999103,0.480073690459349,1.0550219163456,0.451653726838031,0.83290246327113,1.01469646671381,0.797348765528339,2.28445367331367,1.9845385167119,2.29388940687679,0.292236050197148,0.292777578870967,0.225004839457211,1.95310714290485,0.271330360174165,0.344758633174542,0.224127236507313,,3.41769321646492,2.77906430981115,3.46044882640519,3.98529878454884,3.89201289195242,1.94649875072977,3.45750804344838,3.46211851013469,4.01693766289539,3.15795504783321,2.35687999640346,3.19546312760394,2.3726417136892,1.89265268912112,2.1358104826767,2.27648866421108,2.53568588413595,2.22512365054568,2.54971528259693,2.63303220086628,2.54460162756411,1.92297874133874,1.90680591552511,2.34571473871244,2.68188458719287,2.00378700400518,2.11514393494463,1.90616347238898
0016,0.397156827638727,0.339228442272244,0.972915336538447,0.0603271815810086,0.0964855970211641,0.741317576761243,0.0656712280715031,0.226205598386482,0.15962450808093,-0.500038046511123,-0.463946813078002,-0.334876421420984,-0.400955137975633,-0.377130635467298,-0.467210549968052,-0.616849072853428,-0.614947687415295,-0.626802385987965,-0.186146354939321,-0.374444467706808,-0.368668441718807,-0.410736240342598,-0.351815836674785,-0.0540417483558232,0.0715638353527051,0.399386526030134,0.0505795615746898,0.124701704759948,0.0726682319122396,0.126907635228145,0.0789316042059695,0.142771587455287,0.231656398055074,0.209498953367155,0.235763407773179,0.124879648447895,0.126142743172106,0.123582310891326,0.196642018646552,0.0078124883753015,0.0304316926652029,-0.0114656235532095,-0.101636617587601,-0.230899898256503,-0.0890280164195288,0.226983242824684,0.036701873726419,0.245543147886668,0.265599576027135,1.55133062064052,0.23492066954521,0.304571974881773,0.78815091348609,1.56124979179366,1.06357244007591,1.68012574832858,2.35291794275331,2.35298597970261,2.35148115277135,0.918616085871453,1.05021712342812,0.569574410288138,2.17208473834943,0.225643236726591,0.353606861581619,0.140408645222297,1.93548114723278,3.41944017389201,3.03893080778007,3.4778012556156,4.20709969348447,3.17970389177445,1.49714144287719,2.49577642402767,3.27524148663834,4.27890355044213,2.69396879936644,2.30666935872466,3.2257199406056,2.38264252577588,2.14602313542186,2.5900246390564,2.79772568338047,2.84080115819278,2.78323646127623,2.5679275552748,2.71567056301802,2.5477986187568,2.60219309839844,2.5863307895661,2.56392051641603,2.74183056657508,2.39200112028643,2.46135596063878,2.3178717176565
0026,0.155311507882101,0.12512726437383,0.139986369729651,0.0465104569867564,0.156079909983877,0.241812406142725,0.156000852923931,0.21499785626598,0.083831137253798,-0.37703882301793,-0.36217488990562,-0.206185489165983,-0.0692986014287978,0.189501532650315,-0.22222069598415,-0.266578094728755,-0.262973139762889,-0.288246818328499,-0.129604649814368,-0.0720165427457878,0.304965817091525,0.284939772535961,0.312081048805787,0.0722869169797976,0.138495269186678,0.17698253977503,0.139114440309834,0.224974260392262,0.109513521900015,0.0948317408033325,0.0424478660492713,0.127575135873988,0.161889329993579,0.0850111654031135,0.170952793655607,0.144017545285264,0.135960100054786,0.154334249457516,0.0776948436350986,0.112544491136742,0.177898874415542,0.074130454386493,-0.0538586599424354,-0.0847320618969248,-0.0537187559889179,0.236090528888083,0.087369347814158,0.365615296034191,1.5310319759313,1.67507667814551,1.5311765276228,1.92369864447018,1.95661911416276,1.99843086701824,1.73399403920654,2.11227743951604,2.30498022187018,1.95819102780018,2.32173110549934,2.06248529884129,2.04880403476905,2.12278020858052,1.99092018122514,1.96104978440094,2.05884491689218,1.89825725646027,2.42012867840343,3.18127180788558,2.0246712224529,3.42281983529247,4.04867417663736,3.95365118133112,0.237019844503963,3.66367370273211,2.94333104882319,4.01738989739621,1.87911582098715,2.20920834409012,2.35363932512076,2.21675373142572,1.59717086914509,2.1032394175229,2.17533386480334,2.35047697111461,1.97904516317918,1.91582947483486,2.35738877232791,1.89428772821998,1.84010731636471,1.77090059739072,2.39750795240047,2.38625623566331,2.24524431712434,2.00519330278799,2.39239930961202
0036,0.824407944148461,1.1287730308866,-0.181560181203448,0.0487153336073668,0.122588980002804,0.300983341350857,0.136979195292287,0.0693025299096826,0.0815663162651239,-0.337234760249061,-0.428502090364956,0.505669348325457,0.554417336678968,0.626886367486329,0.0303298009683654,-0.0383994548379563,-0.114136826136719,-0.0205952085344659,0.0624248015883504,0.17697111844877,0.417291775800476,0.55616553304313,0.284428858391718,0.195235391051171,0.300926826049007,0.410063181268688,0.303367608369375,0.437114192616495,0.298698017269158,0.288958837073053,0.252598383377486,0.318181997265338,0.343539436660371,0.430251727317891,0.324154257205229,0.23248822731737,0.324318044871281,-0.0950367210845032,0.220729022667625,0.329049114425705,0.406081112814412,0.265839599468384,-0.0101610020509686,0.0363725483582806,-0.0208569914989886,0.0608148685229973,0.0461902903918521,0.0590289302493935,1.53349876988548,1.85961874727,1.54683725101907,1.94663316791651,2.22194955652258,2.23335281349238,2.04835011973485,2.40366200262469,2.49151885656482,2.43153485549266,2.50538845509926,2.23853739076213,2.47528705409414,2.17514101797187,2.23307029578329,2.21502845082592,2.2680557443681,2.16801666473476,2.25088186981858,1.77932185130839,1.45076580357884,1.87323970684088,2.55432437000605,2.82246080053313,0.762960532434389,2.35704125616528,2.21729115545015,2.6057672969056,1.70500363040608,1.42381427466717,1.54831294580809,1.33003005006481,1.22679565274057,1.52191308383427,1.58336221925959,1.6101807170894,1.5333385117125,1.43081592237031,1.45681033581274,1.40920261950842,1.32998350216944,1.39961396422989,1.19717103301954,1.51273332254799,1.37166902980253,1.33636024393157,1.42062993631301
0046,0.869286810013359,1.1828647576839,0.809762088022729,0.0532636169840027,0.132505969524114,-0.234601270791423,0.195181766425239,0.307432698213133,0.175045320906519,0.610835090847879,0.268193032407112,0.871756697148539,0.658107593185243,0.954249941169458,0.0812276140585715,0.52690624364818,0.533374013207597,0.600366154642994,0.452141678781716,0.318138057001973,0.64273148820171,0.986270204978588,0.766790186165506,0.0,0.0979806620623202,0.0684634934083116,0.117883746312887,0.0930501762687176,0.190407470444843,0.223845828967751,0.196347073621448,0.241656351768472,0.22278604820194,0.0862913993956559,0.269217115419763,0.257820875295379,0.251417383958374,0.277463539228725,0.272176756398966,0.103622798559746,0.0728811356787223,0.107764253540772,-0.0129385028288083,-0.0686707393916121,0.0974872371691811,0.111462463490232,-0.0310763957184946,0.130573450380287,0.474664642174835,0.140585424836274,0.490821531891013,0.461294770292253,0.875373102508554,0.964685791733336,0.877083668196869,1.12837126876199,1.73201548084901,1.69731672024338,1.69842223016531,1.29420214067436,1.23706345373071,1.09611402974108,0.971563968901842,0.62023955903708,0.31940342297624,0.702702483567818,0.718107063937054,1.4541335000895,0.546950676238873,2.02431576399311,3.57509669126868,2.38759501683224,0.0,1.62741089078505,2.71721222320837,2.12273649679826,0.0,0.32221628667357,0.121579026323894,0.635955942107054,1.22060750292272,1.68132357315732,1.92569107359888,2.2090854995938,1.65032837876238,2.04650432282555,2.53269846058072,1.84130631090502,1.61971424417372,1.48286290327797,1.03611489524348,1.92422262017669,1.2210704211024,0.891290082270578,1.32265848612921
0100,0.209160110373367,0.336133566179916,1.2927467390305,0.124145136268741,0.130634003999909,0.906954634370162,0.0871745742067966,0.109991998346819,0.0718799754191036,-0.296886737671453,-0.276794233343941,-0.450243536103436,-0.56321766504975,-0.186250478634442,-0.0876099830514817,-0.299568678227059,-0.23472538449825,-0.308794949916164,-0.136850076770769,0.051080810305292,-0.455170373998321,-0.516123953374513,0.314888377694193,0.0890402272178007,0.284538349102412,0.528566887908969,0.245645945980472,0.402185005114457,0.150136630216035,0.209466470896149,0.139131214831369,0.260190075503512,0.389533281344438,0.337601696659934,0.390283683276502,0.0998269351829674,0.0885705625478998,0.205668637619195,0.205162230443201,0.0751783340963583,0.147155835350502,0.0325573843310714,-0.0627133491980866,-0.0320158052192541,-0.0642928392353547,0.276191313091374,0.269705132477042,0.282191249262763,1.52067639692769,1.89836556561293,1.4850963899095,1.58024650407896,1.61342781520882,2.04888690575141,1.56468346323155,2.31231713543774,2.68187445159799,2.64122117775601,2.68534964378013,1.49258206527515,1.50795152648789,1.37661791924734,2.35731278577791,1.25261388828026,1.440185577407,1.12628484501063,3.09230090151864,3.32231479367562,3.42698471298003,3.16591996628604,4.15923447583714,3.81425392296386,0.310890314531307,3.89902089682025,3.32077853282958,4.27346640213304,2.89329535337802,2.50532958148289,3.20422491187538,2.36922979903732,1.77456807095767,2.40257705507265,2.62149811046445,2.72012291354663,2.53629908668021,2.43252878291535,2.6475308845909,2.41143857633451,2.20118786300052,2.15948215531242,2.56797143731047,2.76366400349046,2.10295663737989,2.20639900986759,2.0336619278004
0002,0.869536288264791,0.952297564381608,0.836308784976134,0.145088157622433,0.0290841531311633,0.177700904086636,0.0227535287888054,-0.0191215259365889,0.0346945044938286,,,0.976625775333969,1.02851299734182,0.906669515748865,0.0690970631642109,-0.03829980452238,0.108322922885921,-0.0469468974518414,-0.0695012507794219,-0.0716609988591912,0.697850399443053,0.736503466620299,0.681262436173597,0.0730401161029748,0.0784279810717239,0.406981608973913,0.0706529091549109,0.181130321176057,0.0754272125458413,0.10964492338276,0.0611673924957107,0.13159634604772,0.252034795971598,0.20091776801845,0.255422025917005,0.027176859234315,0.0912284262884724,-0.104964559779616,0.124051740229521,0.0222419377948436,0.0252425684787975,0.0161395486772617,-0.0114526374495547,0.0678839372012283,-0.0169648544753334,0.167688518500448,0.0361733780796858,0.214889373177908,0.0767883040584285,0.954837964429733,0.0729877286200129,0.142635953005886,0.512120754729167,0.963502700491568,0.676644508956282,1.11888046856777,2.15538122011504,1.81831166128582,2.17301841190466,0.721958723398199,0.791032554179391,0.525676732625422,1.38258445146092,0.105816355770525,0.0929491416612993,0.195458847868197,3.26779450911988,3.23925546085318,3.12221218341065,3.27783244124423,3.65799044725482,3.47906486223941,1.24995449687475,3.62484972999247,3.37590266790335,3.7643690072914,2.16340671429043,2.48307999116241,2.99919882318236,2.47220376219376,1.93221340452278,2.31121753510253,2.40965212677379,2.43736331276536,2.38706760555412,2.16337914581869,2.64868332150919,2.14230881123154,2.6128299858836,2.5777682649596,2.65943481596552,2.44809086435972,2.12270181301996,2.04488788816659,2.40000738576222
0040,0.527264993290781,0.0520539143718803,0.301123985223093,0.287616501566504,0.489668887136221,0.863963078024422,0.634398413805512,0.745323294546911,0.334730741857135,-0.520471077422781,-0.365442414735583,0.595052171766905,0.46504660299984,0.596129639896058,0.338717530579485,0.279994928990421,0.280158101013266,0.239543722443432,0.335101939580606,0.213621653566922,0.365867999349465,0.408170094169526,0.144470035455161,0.398176322289441,0.287765163220955,0.321722289524564,0.301579192816885,0.38293338846363,0.338793691287371,0.416301421915391,0.380942621350132,0.466792057244841,0.522021009953751,0.498223706647352,0.511756449032987,0.365500370614938,0.361027588875692,0.390775421931309,0.532878972112994,0.265535126188689,0.327319360564306,0.25285457558936,0.0824674731741435,0.0921117683443717,0.049758724835426,0.29231925970728,0.0682220729465529,0.367883354380939,1.1381354893376,1.37150166922255,1.15250898224399,1.61999615386183,1.51009503940231,1.4911333532096,1.409844561603,1.59838235058044,1.67431219718669,1.73059246147197,1.66220321272576,1.65139022020707,1.66355583133376,1.65451497463762,1.55018948371988,1.53464815599821,1.63557175819289,1.52041713067151,1.45932791790917,2.51217268163708,2.06384664199582,2.67413285961648,3.58896419538469,2.30953943531425,0.382591736920968,1.90694300664209,2.87577585597136,3.85250628024395,2.99198242902774,1.93213509984308,2.26213634322904,2.27850054028194,1.83976821953325,2.19517019536133,2.26398192390737,2.31924668731586,2.16861989370492,2.13451057838236,2.20039372771526,2.11344145726692,2.03762477263339,1.98916342953181,2.14049787888667,2.27500276844793,2.09391542439799,2.0996008245763,2.09541466649756
0078,0.0857726719837226,0.0096250533502514,0.0132315797818231,0.010689891038201,0.0437431143935,0.441914200566358,0.0466973197226551,-0.0340267450389589,0.0030278878146434,-0.0629799483549123,-0.0612868606460931,0.0287748255190551,-0.0383592535752399,0.0391495804583357,-0.025698305028464,-0.0275974760180556,0.276200625651112,-0.0306691855542282,0.0204161629190344,-0.0526115578796231,0.0948409723668699,0.0711537495845129,0.0405182849067905,0.0,0.0,0.254133448585231,0.0,0.0,0.0,0.0,0.0,0.0005797874090464,0.0626858288425793,0.100471699810774,0.0574842283248615,0.10268340433025,0.130807477221225,-0.0291331467356397,0.0,0.0,0.0082112365610264,0.0,0.0,0.252346144725122,0.0,0.40773010112293,0.0651811375273692,0.490238781839201,0.878883574411971,1.01128534758629,0.895789771461878,1.67417479224793,1.50380500098088,1.54056708832545,1.3033897416086,1.6724112081147,2.1860066492779,1.58959543484354,2.19918169520006,1.17470905917424,1.52181059971368,0.93491309902509,1.53355711292994,1.39131378213403,1.70110793848674,1.1383989540394,2.87645148254563,3.17916261877898,2.8695380837101,3.24084815180482,3.59134923193028,3.47354291499845,0.321275852726326,3.2534702476484,2.97407630707533,3.65338846008167,2.18977835716945,2.09703537186624,2.84934194705465,2.11682581369677,1.77785642382885,2.20502325292081,2.22286295633615,2.21236802376214,2.23402773460444,1.94289698776783,2.37393239790811,1.92971991874256,2.44561570344733,2.41223041918432,2.36629030966836,2.32806972747151,2.0754645501507,2.14570576044253,1.9746111899093
0055,1.09372350385577,0.804661919501693,1.5111826148188,0.0867229212138427,0.278278031080151,0.421889161274774,0.299230700949387,0.250153009992043,0.103922067254549,0.205541096742965,0.115329836329107,-0.934045482759973,-0.569838626838352,-0.62313474149199,-0.139990784132766,-0.288192015462802,-0.270048862480036,-0.314495878273577,-0.0112046637053558,-0.0524419268637617,-0.479931810609408,-0.319736178630808,-0.192372882118998,-0.28197506642246,0.132042506282322,0.33020266757786,0.127481972189494,-0.0452987233367094,-0.0249004614500384,-0.0411793923294517,-0.0622700671338209,-0.0251314044918683,0.0018206264534487,-0.0444866883715997,0.0140255749142588,-0.0173175026921931,0.0160469947354859,-0.0517060077079452,0.0141808900108717,0.0454522615981837,0.0860573742087082,-0.0026781072383514,-0.0094658672415657,0.0107891445424548,-0.0155576012394544,0.352053912709061,0.246096538493929,0.238701972912049,1.46512740680756,1.59376405715069,1.47499212712835,1.93697691736496,2.07994221446474,2.09521723733732,2.01260688137256,2.17369692884261,2.33644916204369,2.23214047261002,2.37522598159132,1.92564177789753,2.06240143189184,1.85569199496175,2.15250722270792,2.03359147488273,2.07775668843714,2.01101020563047,2.53342125833848,1.85993240103674,1.08676297711116,2.16842490827101,2.85534093693524,3.00991036705851,0.847456960950629,2.53861152742724,1.6995989267288,2.93069723119372,1.54777776703592,1.53313869698881,1.73284353151237,1.52349693300632,1.20118929199018,1.66795915359462,1.69823583607813,1.70291381653472,1.68548028459641,1.63933640297866,1.63080252016194,1.61433698954042,1.48189519126747,1.59182786653279,1.39303662251991,1.62570608355651,1.42288571462513,1.39053623742168,1.47213325771211
0056,0.0408915189913981,0.0386193622328213,0.100361923566639,0.0148405574086638,0.151404683885323,1.47762890396239,0.163796233951414,0.164977305050613,0.098885697460018,-0.163449915170353,-0.112507480018348,0.156829574810381,0.252855364199571,0.203202963982091,-0.0074385615574812,-0.0130353299707019,-0.0330900400356096,-0.0107220888320038,0.107759863174263,0.127601993884313,0.145823185553888,0.168411996829813,0.138328180739545,0.0383930548392854,0.209025487906151,0.581435440575885,0.249942186977744,0.187447177888084,0.139962982634007,0.12367728722487,0.0824027094538691,0.149495699098303,0.172133315480833,0.101706953505448,0.181634673374948,0.116481894157946,0.149157866541693,0.091518606764466,0.127388145764432,0.176007447327748,0.181391052310119,0.159689355353221,-0.020553604294155,-0.0670041929046588,-0.034229095130254,0.159176330945192,0.0395849922628977,0.372437133776297,1.21297184473861,1.79918986037546,1.34321317336813,1.92158065956325,1.8614285003681,1.80056940050487,1.53139834347706,1.95389699983015,2.22241799477538,1.93806569715456,2.25377494790838,1.8725184386918,1.97211991584026,1.78998497309293,1.89008995106564,1.95492511296662,1.99221212417595,1.89056250189947,2.95379198945588,3.06407994730046,2.8980602778479,3.26688638640186,3.92355945696344,3.68610848547297,1.26261675459265,3.87444022825985,2.95876222026124,3.9137401297664,2.87808982588195,2.36808138572459,2.6085620415185,2.28447588104539,2.02540011261687,2.40163463236424,2.45402721151023,2.41051336859195,2.46362576077239,2.41621942815493,2.47616554325701,2.41195665316472,2.34616846487386,2.22232699782113,2.38237071907427,2.54751996177149,2.1676343988328,2.15366401958279,2.19049748688806
0059,0.103897691795122,0.210522750021819,0.0415643376901413,0.166387019357766,0.277243687740645,0.806696245790697,0.267600422153724,0.143309357654703,0.0696837113522655,-0.276210212026544,-0.26349896989375,0.150935481098178,0.361407031921456,0.124503857252224,-0.0414393572647193,-0.116911336959925,-0.0402653436045274,-0.117769700660639,0.0337039786392878,0.0926460206980813,0.0603036214703514,0.0763485204228103,-0.0077279194658543,0.0312312047647637,0.446486506408944,0.629279867801086,0.434810239437928,0.333933236512271,0.300939749438272,0.284852310604729,0.209219580697601,0.311523264686039,0.364825197555841,0.358201193074648,0.36482109541616,0.299461069058648,0.264372628791706,0.395380893508024,0.210030221745212,0.331973202095808,0.361241734169212,0.22869612706459,-0.0520600501620375,0.0716819242727957,-0.0550049636960489,0.261021582838484,0.0333395471727679,0.397603654654166,1.24504319184699,1.59306177800076,1.2359955481621,1.867321488113,2.0489864869764,2.09394256873202,1.81468322384238,2.16826703726754,2.35275534420113,2.13562972355266,2.36236562658601,2.0225992610932,2.07568210185156,1.55291590895618,2.02631054568641,1.98694176596998,2.02848010885697,1.87209963237555,,3.17616464937188,2.4945994659398,3.31475401073285,3.59023713910682,3.42244440495305,0.504421350205078,3.08040379442861,2.59918111653232,3.51666100623973,2.52640811445095,1.97284937084981,2.8974369957879,1.94641799032805,1.77342466378808,2.35398711712042,2.41377763588648,2.40763987570854,2.41002746434328,2.13270619424759,2.38470075123015,2.12088041660291,2.45610504920522,2.33380654418054,2.6721203436401,2.54132445135363,2.14901962903425,2.12661001163203,2.21266268056679
0067,-0.388470228342026,-0.45334104215957,-0.469971830559665,-0.0236463994222651,0.203960710917417,0.762409386857753,0.205152240347232,0.227541616225801,0.0917190524704302,-0.402132506832796,-0.302754617912023,-0.333396099759482,-0.275607013464188,-0.273053786652532,-0.240581575395021,-0.200365720417756,-0.19391460671805,-0.196709336902794,-0.0694340638978328,-0.0057662395830788,-0.148134096913612,-0.165604420459446,-0.0704047238579055,0.0927473148049538,0.319861139339477,0.742584751338996,0.304689990125689,0.353697666095058,0.464839093497143,0.477349272468982,0.278735885998797,0.487885787468291,0.436581153519855,0.408714513353925,0.442821238973304,0.575825895601071,0.582273641159828,0.229582264139086,0.481717459692465,0.366582359942234,0.40554838028378,0.302466699288019,-0.0471157904095038,-0.144902603012467,-0.0443160576762834,0.550385752976551,0.108486223056999,0.626527871326281,1.58223864157719,1.92611909315886,1.58082323049895,2.31935167363701,2.47760416041423,2.48467123522216,1.8884627072528,2.49709240509807,2.58371467905957,2.54432527983601,2.58502160971428,2.52314442725861,2.52758877250167,1.70383234143723,2.37746095413583,2.41779617751105,2.50544624309109,2.28971235933839,3.09531507352282,3.6887979435107,3.0285336463387,3.78236821640623,4.29248861140321,4.09870047870291,2.43956277485105,3.67931294716861,2.87472849393242,4.35997412461037,3.13056262744673,2.33497070898367,2.91159989439559,2.37666778312965,2.68284161714625,2.90577681283274,2.91023433275649,2.95434018451238,2.90707065063065,2.70564582132336,2.65206354568658,2.70896204514249,2.90629352315167,2.90811303952899,3.17305495970513,2.95074180528192,2.85831414869322,2.8546988969434,2.86570170495693
0068,0.555422230243969,0.542791554612194,0.565783789201855,0.0865848216650939,0.306465326518297,0.606816012403634,0.305530510661524,0.25294686733368,0.142985168225205,-0.274934525295323,-0.316276657309237,-0.0453481824026443,-0.0472695211570745,-0.158066553106808,-0.0513816797679956,-0.216887412364817,-0.49284125208931,-0.21654478535197,0.131890986638983,0.0544435260532484,0.335126438930143,0.250503697733201,0.230690124109795,0.100011304006127,0.186410249523022,0.513576733250097,0.182855807526863,0.521188118472758,0.225575597689339,0.213879319538395,0.15315190081417,0.221058001032255,0.211090566091241,0.223655336030936,0.210983456703681,0.155084427350598,0.221906218695339,-0.0215741043079926,0.190026004859958,0.220886333939445,0.228193388300583,0.21856900973085,-0.0046481908608071,0.0273031868101625,-0.002606129175829,0.463963025902711,0.226667166234284,0.464369266233618,1.40316273321806,1.79970359347962,1.40340444189933,1.85463322983064,1.95675582436256,1.94419882446893,1.71266494303359,1.97369336903673,2.07854860840363,1.99912016433862,2.07956691465438,2.01570059223755,2.03127837897601,1.69800969972265,1.74133015075703,2.045941133326,2.10712909240574,1.89921030823935,2.88180978057135,3.82803549183008,3.29922931593038,3.8642580077721,4.30545947244625,4.14092598719831,0.179480890598948,3.74541929091851,1.82268790533265,4.32870122955909,2.85174787800205,2.40401678558331,1.60011153514939,2.42080279525854,1.87409366972044,2.63362913473997,2.66988168386734,2.69528778990627,2.65607344471349,2.60499557126175,2.40955698863689,2.60208378437559,2.72106927627814,2.68228168065004,2.84673116601372,2.79749809766648,2.59183028492594,2.62569203698311,2.49522089712059
0070,-0.0662504784666709,-0.0465327357339773,-0.0404947049290114,0.0489211665861461,0.158894928902113,0.719332868979093,0.17194826201856,0.123995142709574,0.0569993437305475,-0.10348947736625,-0.0779219966912486,-0.055796212168282,-0.0212753566589388,0.0134179203583578,-0.0120968520405029,-0.0180917366745403,-0.216367834974769,-0.0149701523520352,0.0283515780526098,0.0317372742184961,0.039154019701527,0.0574707874269298,0.0729141650520776,0.0743457085657913,0.219561906423326,0.477059304207338,0.210081256920057,0.5852729010178,0.159625311567067,0.151987124863043,0.096155020325414,0.175101452611305,0.252535871077831,0.215813046727218,0.254696026242797,0.139184794901252,0.139184794901252,0.115094886146939,0.143775981448885,0.186762555407497,0.223972474649136,0.146577654596281,-0.0213116279157997,-0.0713540041999731,-0.0150783805063211,0.163328342496007,0.0299885732297095,0.381173180926051,1.61864753378343,1.63827184809042,1.66603352330527,2.18015593511571,2.12821921666429,2.10752885245364,1.85218812615445,2.19210396857623,2.52431441267955,2.40134562531209,2.52838303035716,2.0179891519683,2.0796992104541,1.84594422581541,1.97546986014854,2.21390384048798,2.30804220636034,2.09341194528935,2.79452326228938,2.77154407612686,2.37684368523773,3.00604902607333,3.44960077592023,3.1567157619643,0.243644537172154,2.22493905025023,2.21906181197027,3.59756642322287,2.57778741539526,2.05760949749199,2.79764079277186,2.10449653037155,2.00211358724746,2.38191873664138,2.41717435741968,2.48882912411042,2.38477025298425,1.95273882143201,2.21661143203999,1.93265246426928,2.3008335630809,2.1311134627299,2.65704566388354,2.58353178036548,2.23954387236658,2.22244255131929,2.25699810097443
0072,0.0755370183231129,0.0713596962104575,0.0667527187928653,0.0624203267430115,0.128298159323413,0.928085585451145,0.131854122317285,0.187052407226153,0.0687516990450583,-0.31302366533184,-0.228451810270929,0.177002519410937,0.370452275517992,0.52221792739219,0.0249777741790476,0.0821076381583944,0.197300230159457,0.0564545749704599,0.254467912485529,0.119704073633414,0.207227263431352,0.269994829018439,0.641284609097036,0.0,0.247026852482496,0.437516109800249,0.264042151372993,0.217000367187999,0.162484822743947,0.1667215351201,0.108999907607637,0.201944292623372,0.232068292903776,0.163751495918846,0.24202942370156,0.197780918867034,0.227088869686503,-0.0266147576420757,0.225100953132757,0.154655968825452,0.172281718575017,0.133513860187972,0.0418835293569183,0.0224040400815755,0.0428758811205774,0.0513084804859326,0.0338070736605901,0.0590435532114396,1.77194628500398,1.93926548522782,1.78193525916646,2.55088203882159,2.54606786089587,2.56912601776452,2.42492092330054,2.64445660332634,2.76466125404595,2.78170153106291,2.76409631348321,2.54576262934743,2.63025228748195,2.27065902559809,2.39329958681423,2.50103677593628,2.5578789983029,2.45305567006314,2.85252723297483,3.18333534667269,3.28231833337029,2.93918608510992,4.08749057576627,3.94165470674394,0.283514308439885,3.26301421848575,3.04824514382515,4.07408734972322,1.34086259110536,1.98786077423585,2.94243146884541,1.96544701825989,1.84607443588338,2.56684086229888,2.62870538243746,2.72121538635481,2.55234544842548,2.2847757411341,2.52466669650677,2.23316840150471,2.77467352240418,2.77613461985543,2.73365262306593,2.61141946136837,2.39924902754621,2.37834421060986,2.42835453473573
0084,2.1226185639133,1.0884907680741,1.85496930540645,0.337757831833764,0.128783502524953,0.142660389968592,0.138030838343737,0.201244471568884,0.240741794694231,-0.0840053824750706,-0.20560997090853,0.859361889559223,0.495646813937775,0.338911661586068,0.930418722306723,-0.006030094378463,-0.170843903153374,0.000982534611126,0.578372298639242,0.148950947649362,1.45497824013046,1.40472231904107,0.624874853590098,0.334626212484702,0.0,0.0280146714333772,0.0064187600032045,0.0786504157319555,0.143590384347744,0.154855214713318,0.151964144941705,0.156113699181791,0.160186364120718,0.165521417169954,0.159217474792346,0.213127805567691,0.212680033965902,0.259365419234839,0.215781818318913,0.111484285923158,0.132876554545452,0.0923121425734164,-0.0844967609483555,0.0103922610290793,-0.0969319919240711,0.298849043869838,0.047049060237987,0.423690067394204,0.0407894128756942,0.152278100271115,0.0223794033690862,0.131587891324856,0.432215038374168,0.519055164869394,0.600124985656966,0.476314879878427,0.494587607839637,0.453178289977538,0.497340369238308,0.432917351803321,0.432556673434253,0.471337272041797,0.66217535720537,0.204776107147225,0.223337595014086,0.179448787044711,1.4138370407772,3.28367494721055,2.98940829407262,3.39710112303657,4.12382122539481,2.71194003063375,1.25239994051145,2.21998828211885,2.95371573499955,4.28627091609442,3.42154570131121,1.85549695486651,2.37552281611744,2.10431757658018,2.06844818510762,2.74069858794528,2.7870946479068,2.83159616030313,2.7296144457199,2.54314138787543,2.66652930070077,2.5244941779164,2.63665765605105,2.62359096230242,2.68165789897761,2.75767272818907,2.64852685375617,2.58429955168845,2.71172938374584
0093,0.383000099594126,0.277013834228755,0.404127634010564,0.0157322611433264,0.0341115633819669,0.416777709129187,0.0323176668590599,0.0457100627470395,0.0402037788840209,-0.375875875135082,-0.183736638398746,-0.0563496314865294,-0.0714961112698497,-0.0944266219038019,-0.104175388778353,-0.202461650855011,-0.137677094080996,-0.20778618055945,-0.0680810342136242,-0.0118855533289957,0.290509606984074,0.246148571157729,0.240270941450225,0.0296120324710823,0.0,0.107025783705345,0.0,0.0369729080904912,0.0741549887383043,0.138766529815604,0.12555051021891,0.145828912755303,0.302093939178555,0.224192332582526,0.309151458009913,0.106944637859848,0.095917480442673,0.144542316713155,0.188158179071627,0.0,0.0019694052944385,0.0,-0.017132187055296,0.0353226708773406,-0.0206630615145219,0.527618669024587,0.132720759150228,0.596476166712134,0.519815007786047,1.50142250328103,0.515017475719574,0.584132860781414,0.88734169775732,1.76439649560878,1.5930564481331,1.88213835285108,2.51608209233761,2.15786368746024,2.54221795967305,1.11896602983052,0.975458143855081,1.4898177004202,1.98345889473036,0.326492741227546,0.362589214487729,0.272107043417775,2.87657438191096,3.4345502304252,2.84508322154372,3.48350246560003,3.90642057466902,3.69036964582668,1.59522613196402,3.2256055449896,3.09170566756165,4.06174843067719,2.90848906349923,2.1453994166276,2.87286708910244,2.1540937554205,1.97804547062037,2.42285237793543,2.61285744359152,2.65521265837603,2.55490607453271,2.36848669521729,2.59667533507557,2.35231614006837,2.60606920356016,2.53528440200125,2.92404460111737,2.77323297879914,2.16986293355056,2.1742867679443,2.16305297409315
0097,0.632036606579934,0.380656248126652,0.680873535872753,0.155993641243887,0.0523806818133192,0.858440255824515,0.0512470842628133,0.0796258611554602,0.0996563593265621,-0.0470458119683248,-0.120362716488356,0.196904737106095,0.144461885923978,0.134150495614628,0.0366256992451114,-0.0860399014443026,-0.10123468547792,-0.0689825415737586,0.0655025472455433,0.0339218355716088,0.592486901291832,0.566284067552942,0.434919443508114,0.113275311536924,0.0764791878272783,0.252030535802398,0.0738523408010035,0.108009692275516,0.202660168722177,0.220460659540225,0.161574248268945,0.266435716002123,0.345317756549466,0.346745424691156,0.349083728929434,0.381689724937431,0.389219285949441,0.224856864737989,0.223353438103878,0.115496098888346,0.157498961450621,0.0733783199837954,-0.0020079915683312,-0.0385372050631872,-0.0173378048553138,0.775233134160174,-0.0281032360373578,0.856511027331808,0.796628270948263,1.64301469891095,0.783203593342036,1.26765057416334,1.71815794531471,1.81791971268783,1.4289581910752,2.07954055212378,2.41470779095239,2.07641356346697,2.4458536265541,2.01005179132283,2.16171149272757,1.5160905482432,1.98059987313723,0.740512139862863,1.14070046393738,0.408136434123735,3.00791674031273,3.51718007193841,2.94994010566701,3.5759965270766,4.13816991116839,3.5330402283547,0.181542404938794,3.45082007551405,3.06078064261925,4.29333035603505,3.25935275064645,2.37484738332672,3.19390252778209,2.369256367502,2.05981022205967,2.67104637310343,2.69910324386194,2.70135116615644,2.67908922598754,2.48895666659347,2.53913275511543,2.47275614937717,2.56825107282252,2.56997036367788,2.52970317198222,2.81033590552503,2.50745296400697,2.5312624513896,2.48229042614495
0107,1.16617708451154,1.27904393566285,1.31158514029372,0.97244149510594,0.0105225551990406,0.0016154576800671,0.0058876225546421,0.0718662617792702,0.0149495232767598,-0.237788793523822,-0.0364622014345871,1.9137907751317,1.86612177872344,2.10646610693468,1.04325051919807,-0.031120437791696,0.0353649688614101,-0.041664072609025,0.451891391515504,0.544463655536035,0.907367169163523,1.04372573052497,1.10949689679665,0.640679615343845,0.0125280286614025,-0.074612992756255,0.0111584717849253,0.0351913141124579,0.0001690807805999,0.0004278918379941,-0.0015485692620472,0.0028864636762563,-0.0009137289024543,-0.0225472683613582,-0.0008761425257427,0.201726399125222,0.240582356044643,0.296905723043853,0.0004234802876195,-0.0071489529228493,-0.0149175887322744,-0.002312220369093,-0.0078219510418516,-0.220144751326279,-8.68245901918252e-05,0.0537716506030725,0.0452254056080119,0.0384788877900655,-0.0078201548758243,0.108511803505112,-0.0115665422885906,-0.0572154101879932,-0.0126034355069474,-0.0131946639747342,-0.0133422812218407,-0.0134033034057783,0.0702745864322709,0.0447237768979293,0.0725304843461488,0.0194400514926597,0.0174504517943178,0.0034650888168462,-0.0706418804966445,-0.0040535858994488,0.0053519626214632,-0.0055512732664129,0.0216781977463387,0.0945320789110806,0.0892527243576876,0.0955228888297866,0.0685304302892051,0.106254924374214,0.0,0.0394356309268017,0.069971285626728,0.0748294370628983,0.0414495512339892,0.0,0.0,0.0,0.0416333772951543,0.004138312450394,0.0062495840243199,0.0040481543381907,0.0111223235619353,0.0451318837318845,-0.0290587888865018,0.049772774103954,0.0559652463691013,0.0702965646632177,-0.0396225245324733,-0.0334287983808703,-0.0068403011312535,-0.0222797215994446,0.002879564573908
0114,-0.268278818178648,-0.130017426902499,-0.541954575750986,0.106686756844168,0.483385698962775,0.976978196939605,0.443079189023856,0.318090238251842,0.178948204571597,-0.343308293700247,-0.330998738949873,0.101497609043353,0.137871108575637,0.192872673704258,-0.066771111710168,-0.0919218528645389,-0.0333836810498794,-0.111721825755466,0.183755922598251,0.21578468826813,0.402575033158958,0.424993067748844,0.39521652832101,0.118275083139195,0.449953907227939,0.682580660450287,0.414292592073947,0.766188928866928,0.343593143833407,0.313252863443921,0.264558763865754,0.378063481614313,0.389371883961782,0.307986690165194,0.410915034361955,0.474126532436609,0.497279479137996,0.432658266569693,0.331915797051472,0.339499577873459,0.378311228572938,0.297429715503672,0.0075690573703803,0.0060517706448804,0.0041393697201285,0.34684612734715,0.0343703177510041,0.465519875683768,1.36092489594189,1.51489231826676,1.33898080965893,1.96059996959765,1.95949203904213,1.92672809710945,1.73937899657341,2.11593727453569,2.12980104255026,1.99380925909146,2.16980672796277,2.02670462250581,2.1809345142085,1.68621690432368,1.86826698117243,2.03213649596397,2.07450712356726,1.98336777667516,,3.68482402283745,3.07463761536751,3.76503578552607,4.0431685922382,3.92016411456928,0.955332963380614,3.4590768189221,2.81613655415624,4.01087527672483,2.36084898530118,2.05104553706439,2.79338285366175,1.97871444224434,1.63159745840859,2.51730554162147,2.60321813878404,2.59796382132319,2.59269078267316,2.54157672701021,2.55632645059846,2.53820408507692,2.55235707941095,2.60943702155086,2.46077119483577,2.75310804783419,2.36226217518444,2.22561102149446,2.57009838233588
0115,-0.372783663063176,-0.371617229919806,-0.0827977848789092,-0.0122339823418585,0.519166385038803,0.603177359318232,0.492206683621065,0.362094882373452,0.175992879367823,-0.274720152653322,-0.208967059980752,-0.0141605126023112,0.0099779941386117,0.479479509861678,0.264331240196427,-0.119012790331434,-0.131362824041664,-0.127597569013411,0.0280685334306336,0.0078055688388118,0.399748733740876,0.39396154808505,1.06825066887553,0.458446764468664,0.481851221153834,0.807987241070957,0.485414640380934,0.740194767260822,0.485107854379422,0.509333895518955,0.338814171572048,0.596941553220973,0.654729299200569,0.481635268980426,0.680309085265999,0.359059802833415,0.395664870984441,0.31319757857168,0.659893594339443,0.481563451932437,0.595358583163761,0.415583083541881,0.0253653309437532,-0.0700951353837937,0.024460515062249,0.221693434872796,0.0933129434365473,0.19750006912062,1.14028066543139,1.19820510809751,1.12925775521128,1.79332471399117,1.71016840857189,1.70507039178143,1.39727656763764,1.82133556463299,1.75151983432189,1.48777726524429,1.77361660640844,1.60157328390712,1.65842752775401,1.56633277567946,1.56978385074623,1.75618288207427,1.86398674265648,1.69669670690619,2.47702621448797,3.49634112044902,2.9612070805187,3.51964882720076,4.1478283571577,4.01537594045773,1.48758140024942,4.18870662013872,3.48309817318298,4.22608788914991,3.63623018043218,2.36825421018974,2.91805173571855,2.33646615030794,2.020525711964,2.32704298278664,2.36279642049922,2.39612778922823,2.34513634641397,2.3248787093739,2.30629765361507,2.32413113827699,1.95926706223329,1.98214810259177,1.93656793136939,2.37569310571881,2.38329717087226,2.39132411904755,2.37312373933089
0124,1.13408995199331,1.25772698829923,1.20081224492519,0.0165221545741424,0.0522306396175944,0.449915715904973,0.0366275563427227,0.0099148918284742,-0.120561089244961,-0.0238877905922212,-0.0146446519576182,0.884235823305538,0.945802170873893,0.865072156521939,0.0660631527631988,-0.288339662488749,-0.331812777756652,-0.289408286564971,-0.0061815567143392,0.038672669910579,1.2514639772596,1.37535682723922,1.19320915228204,0.285339925291895,0.251171045164802,0.497394437966661,0.24061578980775,0.312118677621991,0.503432741013383,0.556302616934994,0.512204359130676,0.568703212578128,0.559043583207401,0.516618222732856,0.561498493470186,0.328612119995845,0.33981620925691,0.279121254838975,0.486016384121413,0.418545942534464,0.425435143072472,0.396530425460947,-0.0951116399087082,-0.176793797083756,-0.091253350231088,-0.0386678092034354,0.0029891501057172,-0.000847602341143,0.740652785005341,0.875927933785638,0.747634145001804,0.999627603078541,1.0236199068414,1.02021416497243,0.835819600393649,1.07782112922208,1.01879355240314,0.748889221675774,1.04565140473291,0.968599952486007,1.01645654997941,0.880498392531403,0.776382619835679,1.07294817971502,1.09380152137902,1.04026490875925,2.11299592290639,2.5423042562692,2.53501716587094,2.55130193336949,3.53568210874806,3.43285498275837,0.704635727989974,3.2018410370037,2.86525315845271,3.47478344037843,2.2224642995544,1.80425418161009,2.74483541591033,1.77080165548953,1.22341356366709,1.86540807333976,1.94197044320813,1.90163543242362,1.95068286454714,1.92333123944099,1.91932589823391,1.9155593238048,1.54001678506641,1.55999677264445,1.50020349613202,2.03619389641321,1.79545364288583,1.80002010650473,1.78294652012669
0130,-0.238703616252602,-0.269944514783509,,0.0961639613761461,0.0,,-0.0606963117214524,,-0.0803014110922123,0.443373000910611,0.215937811204777,0.308458946586317,-0.0996745049942132,,-0.0108657397540546,-1.94414887468184,,-1.80071248186533,0.167858864505237,-0.190087254883454,-0.368971344509169,-0.0792071617430727,,-0.148524230066863,0.0,,0.0,,0.0950567742750815,0.137472889809316,,0.304470786409866,-0.688441889899986,,-0.709630241081086,,,,,0.0676323807038206,-0.324724895861908,0.195498091617755,-0.185865188566939,,-0.013656306297581,-0.319944579557213,-0.0753827739048946,-0.487140812503718,0.395846368593253,,0.352389452282846,,-0.0492928485698971,-0.0404594039383302,,-0.0876547047880333,0.104960787079061,,0.31579071584891,,,,,-0.226755572840825,-0.0331903808653922,-0.217989146456935,-0.0518810433794123,0.0246372108254411,0.0,0.0492594829212197,0.0,-0.140557793940636,0.0,,,,0.0,0.0,,0.381341607566806,,-0.0173531854098021,-0.104190622262555,,-0.218522876963071,-0.26055304291033,,-0.353248997720296,,,,,-0.0323201965460828,0.105904898313845,0.221331691540964
0132,0.032514267856381,-0.35338774439251,1.67022918716203,0.90681160853783,-0.0437547741083963,-0.0472439723543201,-0.069131374465548,-0.0832720482360956,-0.127214485486564,-0.752833972892579,-0.774482111473348,0.499391497674631,-0.347408156892092,1.16076122042457,0.51176357068688,-0.720656152492808,-0.781240207272375,-0.699929447732856,-0.222675381983569,-0.511488678965353,0.488721402879337,-0.450100431428081,1.17050427891422,0.27222744463746,-0.0311909714467772,-0.0181056304980472,-0.0255344298338782,-0.0976767320236562,-0.0441698020561583,-0.0461572633914506,-0.0506287370810004,-0.0393992750180587,-0.0228778466707739,-0.0333903395976988,-0.0193606366038142,-0.0961760032615427,-0.0839850886360816,-0.0148995004767354,-0.122854802031591,-0.0392427704490016,-0.0496217718743492,-0.0350722398347108,0.0112575156947237,-0.0361073965955928,0.0162493783055729,0.0108989546057986,0.0138686224727343,0.0032892773497126,0.0040516849712204,0.0385057929130616,0.0071485152966315,0.0283098310452525,-0.0228762053672507,-0.0292063344711952,-0.0333406057161248,-0.0216079702044125,-0.025078106195886,-0.0485982279678263,-0.0204635743564788,-0.0342032816463593,-0.0155690532425904,-0.224844364001361,-0.0061178284305903,-0.0136095425637758,-0.0222997839432011,-0.0076067310264661,0.0492223070369549,0.0,0.0,0.0,0.0787159093476833,-0.124732496212166,0.0,0.0482544704283004,0.0,0.107893816808164,0.120295588714492,0.0,0.0,0.0,-0.13113565076582,-0.0669452384149392,-0.0647453977493286,-0.0865496911874241,-0.0459452685857459,-0.0263754322603085,-0.164678294928823,0.0164033642127601,-0.0637127910064773,-0.0493031210641905,0.0277691592766621,-0.0826694777083825,-0.0520891971822579,-0.0212050500170324,-0.0713892835641091
0133,0.907556440632548,0.915524963358042,0.893381082161873,0.718934312005407,0.0178404697122697,-0.0311893542576105,0.0161704545396061,0.0528199016779212,0.0343549245389363,-0.392262343352988,-0.365582395280646,1.30900674530785,1.41046748943669,1.30729637615125,0.745017835167883,0.0942493770076807,0.123445252651027,0.0936634691628749,0.48596155792576,0.272583628094004,0.747960854771467,0.848186298079461,0.72705152222943,0.327335254108919,0.051142002429367,-0.0984836686757667,0.0511216916199225,0.0246916351440209,0.0145236007986233,0.0117289008110567,0.0070476210477993,0.0143694654018288,0.0116007054354396,0.0061780979855605,0.0116607832263595,0.0473580045642616,0.0517501455456376,0.0197359384947476,0.0100451640314219,0.0288982505901198,0.0145776681671041,0.0349105095845445,0.0137554006078963,-0.0927610495648618,0.0265014464524352,0.0152942106567355,0.0364141658382136,0.0029509528535054,0.0067096600675825,-0.0326522689439185,0.0043610030551311,0.0247102551104718,0.0017318119752335,-0.0011510381090639,-0.0085026484612719,0.002631265939069,0.0100906610605915,0.0005343899449087,0.014380936147633,-0.0161330502964004,0.006140635211635,-0.094563126875581,-0.0050668096822035,0.0072909249937116,-0.0023248646856021,0.0206215884764681,0.027759975611623,0.0,0.0,0.0,0.0415565622622585,0.0334574121458921,0.0,0.0147602324526882,0.0,0.0102030818858776,0.0407618025974297,0.0,0.0,0.0,0.0438711395277402,0.0223396595959529,0.0202421413781855,0.0058302226458608,0.0279275098026706,0.0369573979014737,0.0656204698586886,0.0342334431584205,0.0255130779005808,0.0185315936982169,0.0357225625155411,0.0466181113247783,0.0162145453360176,0.0176921459315488,0.0141680418853675
0148,0.196477945280479,0.225223037705813,0.222904995503256,-0.0098209042698005,0.0665536629238036,,0.0588385653780241,0.0047209272395601,0.0081453181831237,-0.614850501368327,-0.538216805468081,-0.188684586628721,-0.252506781065698,-0.136855842539395,-0.187207705773011,-0.226560110611909,-0.161434251830231,-0.248303474151046,-0.143353562835536,-0.0846570686944502,0.154017442795774,0.160933208976265,0.190024075004836,0.0510310592915809,0.143711902039083,,0.124850049891979,0.0822043052820583,0.132197154546077,0.137423245675589,0.106026198515852,0.147226948704176,0.173322771943577,0.135625375620439,0.180771027746335,0.180826451769227,0.198688649169961,0.113657721871457,0.135821914959942,0.110857042172486,0.178933256761424,0.0516083626175527,0.0222433292118607,0.0745148164706887,0.0075969015644175,0.276817015388341,0.198492688320987,0.269227047340794,1.12398118623318,,1.20706779692403,1.48673506570566,2.04500836230983,2.09609853646069,1.94477556134849,2.13278994444924,2.22406157112486,2.29539592333916,2.21556790343181,1.92664245837268,2.01400807309284,1.84055486402283,1.85657928965386,1.81270503518681,2.0433818981687,1.62184555258192,3.22924174158963,3.50686031992498,3.17111572820012,3.58810187596658,4.22674807227356,4.08634995072154,1.66604754131842,3.83003067840869,3.22987400131792,4.27519901358299,3.15122131257489,2.55001777079282,,2.58668574183843,1.56368085542933,2.58759406283538,2.61648788328667,2.62686780435486,2.61566645271062,2.42485073731466,2.54896763971094,2.40540213637727,2.52816420693757,2.58692834046853,2.36775923579105,2.68245791361654,2.33626464673878,2.57992565630011,2.11090601023436
