,LPSCpG_Granulocytes_149Sm_CREB,LPSCpG_Bcells_149Sm_CREB,LPSCpG_Bmem_149Sm_CREB,LPSCpG_Bnaive_149Sm_CREB,LPSCpG_Baso_149Sm_CREB,LPSCpG_cMC_149Sm_CREB,LPSCpG_MDSC_149Sm_CREB,LPSCpG_DC_149Sm_CREB,LPSCpG_mDC_149Sm_CREB,LPSCpG_pDC_149Sm_CREB,LPSCpG_intMC_149Sm_CREB,LPSCpG_ncMC_149Sm_CREB,LPSCpG_Treg_149Sm_CREB,LPSCpG_Tregnaive_149Sm_CREB,LPSCpG_Tregmem_149Sm_CREB,LPSCpG_Granulocytes_167Er_ERK12,LPSCpG_Bcells_167Er_ERK12,LPSCpG_Bmem_167Er_ERK12,LPSCpG_Bnaive_167Er_ERK12,LPSCpG_Baso_167Er_ERK12,LPSCpG_cMC_167Er_ERK12,LPSCpG_MDSC_167Er_ERK12,LPSCpG_DC_167Er_ERK12,LPSCpG_mDC_167Er_ERK12,LPSCpG_pDC_167Er_ERK12,LPSCpG_intMC_167Er_ERK12,LPSCpG_ncMC_167Er_ERK12,LPSCpG_Treg_167Er_ERK12,LPSCpG_Tregnaive_167Er_ERK12,LPSCpG_Tregmem_167Er_ERK12,LPSCpG_Granulocytes_164Dy_IkB,LPSCpG_Bcells_164Dy_IkB,LPSCpG_Bmem_164Dy_IkB,LPSCpG_Bnaive_164Dy_IkB,LPSCpG_Baso_164Dy_IkB,LPSCpG_cMC_164Dy_IkB,LPSCpG_MDSC_164Dy_IkB,LPSCpG_DC_164Dy_IkB,LPSCpG_mDC_164Dy_IkB,LPSCpG_pDC_164Dy_IkB,LPSCpG_intMC_164Dy_IkB,LPSCpG_ncMC_164Dy_IkB,LPSCpG_Treg_164Dy_IkB,LPSCpG_Tregnaive_164Dy_IkB,LPSCpG_Tregmem_164Dy_IkB,LPSCpG_Granulocytes_159Tb_pMAPKAPK2,LPSCpG_Bcells_159Tb_pMAPKAPK2,LPSCpG_Bmem_159Tb_pMAPKAPK2,LPSCpG_Bnaive_159Tb_pMAPKAPK2,LPSCpG_Baso_159Tb_pMAPKAPK2,LPSCpG_cMC_159Tb_pMAPKAPK2,LPSCpG_MDSC_159Tb_pMAPKAPK2,LPSCpG_DC_159Tb_pMAPKAPK2,LPSCpG_mDC_159Tb_pMAPKAPK2,LPSCpG_pDC_159Tb_pMAPKAPK2,LPSCpG_intMC_159Tb_pMAPKAPK2,LPSCpG_ncMC_159Tb_pMAPKAPK2,LPSCpG_Treg_159Tb_pMAPKAPK2,LPSCpG_Tregnaive_159Tb_pMAPKAPK2,LPSCpG_Tregmem_159Tb_pMAPKAPK2,LPSCpG_Granulocytes_166Er_NFkB,LPSCpG_Bcells_166Er_NFkB,LPSCpG_Bmem_166Er_NFkB,LPSCpG_Bnaive_166Er_NFkB,LPSCpG_Baso_166Er_NFkB,LPSCpG_cMC_166Er_NFkB,LPSCpG_MDSC_166Er_NFkB,LPSCpG_DC_166Er_NFkB,LPSCpG_mDC_166Er_NFkB,LPSCpG_pDC_166Er_NFkB,LPSCpG_intMC_166Er_NFkB,LPSCpG_ncMC_166Er_NFkB,LPSCpG_Treg_166Er_NFkB,LPSCpG_Tregnaive_166Er_NFkB,LPSCpG_Tregmem_166Er_NFkB,LPSCpG_Granulocytes_151Eu_p38,LPSCpG_Bcells_151Eu_p38,LPSCpG_Bmem_151Eu_p38,LPSCpG_Bnaive_151Eu_p38,LPSCpG_Baso_151Eu_p38,LPSCpG_cMC_151Eu_p38,LPSCpG_MDSC_151Eu_p38,LPSCpG_DC_151Eu_p38,LPSCpG_mDC_151Eu_p38,LPSCpG_pDC_151Eu_p38,LPSCpG_intMC_151Eu_p38,LPSCpG_ncMC_151Eu_p38,LPSCpG_Granulocytes_155Gd_S6,LPSCpG_Bcells_155Gd_S6,LPSCpG_Bmem_155Gd_S6,LPSCpG_Bnaive_155Gd_S6,LPSCpG_cMC_155Gd_S6,LPSCpG_MDSC_155Gd_S6,LPSCpG_DC_155Gd_S6,LPSCpG_mDC_155Gd_S6,LPSCpG_pDC_155Gd_S6,LPSCpG_intMC_155Gd_S6,LPSCpG_ncMC_155Gd_S6,LPSCpG_gdT_155Gd_S6,LPSCpG_Tcells_155Gd_S6,LPSCpG_Treg_155Gd_S6,LPSCpG_Tregnaive_155Gd_S6,LPSCpG_Tregmem_155Gd_S6,LPSCpG_Treg_150Nd_STAT5,LPSCpG_Tregnaive_150Nd_STAT5,LPSCpG_Tregmem_150Nd_STAT5,LPSCpG_Granulocytes_168Er_STAT6,LPSCpG_Bcells_168Er_STAT6,LPSCpG_Bmem_168Er_STAT6,LPSCpG_Bnaive_168Er_STAT6,LPSCpG_cMC_168Er_STAT6,LPSCpG_MDSC_168Er_STAT6,LPSCpG_DC_168Er_STAT6,LPSCpG_mDC_168Er_STAT6,LPSCpG_pDC_168Er_STAT6,LPSCpG_intMC_168Er_STAT6,LPSCpG_ncMC_168Er_STAT6,LPSCpG_Tcells_168Er_STAT6,LPSCpG_CD4T_168Er_STAT6,LPSCpG_CD4Tnaive_168Er_STAT6,LPSCpG_CD4Tmem_168Er_STAT6,LPSCpG_Treg_168Er_STAT6,LPSCpG_Tregnaive_168Er_STAT6,LPSCpG_Tregmem_168Er_STAT6,LPSCpG_Th1_168Er_STAT6,LPSCpG_Th1mem_168Er_STAT6,LPSCpG_Th1naive_168Er_STAT6,LPSCpG_Th2_168Er_STAT6
0020,0.802517879811405,-0.0114476914816017,-0.0122214373389335,-0.0067299480315649,0.839264164920548,0.367907942551874,-1.29575067025826,-0.108926421697626,0.746553599459558,-0.0453032830897908,0.518135563763096,0.480486446199035,0.219472903936551,0.268921528597556,0.221771465224031,0.719855611807386,0.0203710537303183,0.0180078854180817,0.02270265874926,0.225146567339273,1.74603307171546,-0.381382488814896,0.137939810988361,1.78356216810862,0.0588256257542843,0.694703184380129,0.608006723770134,0.0883723980448641,0.105616839786246,0.0735875475403255,-0.555089572171446,0.0021243757799385,0.0013669742692192,0.0018189194931079,-0.448783487149208,-1.29396109858573,-0.995629562397897,-0.261990442173464,-0.487556286750411,-0.117352653048924,-1.34499129915326,-0.221041291298374,-0.525599902030704,-0.620155680798702,-0.504387356609009,2.32017139116114,-0.117438748625233,-0.132073297226273,-0.120383034160459,2.01079980112792,1.41964694194138,-0.158744283991342,0.590953633487684,1.81718578451379,-0.0704700765532529,1.74680687717805,1.47648676103294,-0.0184805895291131,-0.036531820917817,-0.0228215461041354,0.112441722280423,-0.134615652595387,-0.134004298606792,-0.105432704168253,-0.0986504869434317,-0.257267286558439,-1.00480669373659,-0.190442037428496,0.405242929253993,-0.301291889049843,-0.220913201217603,-0.0444667150281379,-0.0992953419508109,-0.0815487827539636,-0.0962398326503213,1.93867728158159,-0.027150567391542,0.0072152934343064,-0.0395749398481325,2.08524020420704,1.1960808266379,-0.755491006546659,1.27121590738919,1.96306830336562,-0.0036618154431667,1.58454574249405,1.75541805919669,0.188105080807865,0.0258303735384668,-0.0030157699271136,0.0303413289351826,-0.239954439415639,-0.416742698332352,0.250130651709147,0.290504432278292,-0.0199959282500588,-0.188626787363062,0.491513159784602,0.0502521148624818,-0.0178722941242032,0.0003374645958825,-0.0386899774101613,0.0096779970894396,-0.0308974546789375,-0.0332598524040281,-0.0377952208211043,0.0881091661842971,0.004866267470226,-0.0516853738912597,-0.0143138865396071,0.253159714602094,-1.32543051897395,0.028744898371044,0.422560797948483,0.248523442247984,-1.70597967576671,0.0889018334445447,0.0349580541543988,0.0339604959469328,0.0505296858800459,0.026643661555422,0.0368035826681044,0.0121140597127232,0.0497179145109277,0.0523759493804858,0.0296217875065139,0.0443051593594883,0.0913369910722368
0126,0.519241716267536,0.358662543620137,0.755023984938137,0.339169796219818,0.857959116114083,0.732677262079644,0.758928976534284,0.369991563281928,0.922969860022955,0.0037578710036806,0.753212901563363,0.364807908529437,-0.0028636995897742,-0.0149992422683722,-0.0060991916535664,1.09823189399622,0.0681345415660445,0.261594771361031,0.0524834497020341,0.426223542222285,1.57177053650579,1.63297226625041,0.251083581140609,0.768882880576331,0.0260921575515873,1.75935044486415,1.16156717091234,-0.0293581253998121,-0.0404184794450811,-0.0286060589644814,-0.618017907166939,-0.0931102649369505,-0.268546588120043,-0.0695507546065552,-0.834766308063303,-0.715325375324785,-0.479465236880433,-0.417068309078269,-0.56900573667224,-0.238296305574336,-0.45925570089117,-0.306021111409109,-0.159255010203599,-0.167599778563643,-0.165856256276533,1.18033298060705,-0.0382128402614177,0.0729347438529304,-0.0587678885200742,1.88247499451217,1.39471845055923,1.7798071753312,0.939417877660232,1.44538916257544,-0.0620733255618153,1.32863807086153,0.403425632458685,-0.314172081915365,-0.303296532959489,-0.315969219353023,0.189069229553106,-0.0964533340298339,-0.0445394875987652,-0.110894894064731,0.408841376957198,0.479960145042344,0.730084933692457,0.252952593410801,0.837776404887566,0.0436467705031678,0.302105158379808,-0.111406284952202,-0.270060278922027,-0.202646193678648,-0.273836352575614,0.893344848083959,0.0493880154456954,0.294812153317654,0.0391915195013935,2.16143864870097,1.4672910189174,1.66128373217925,0.815693257073501,1.7005270560748,-0.001093590916516,1.52245244980537,1.02785120279047,0.346422974741682,0.304380059110009,0.610888089513954,0.297782971016587,1.27663979436667,1.05866523217397,0.479032780258209,1.16169252994252,0.0793383176514875,1.35391098706183,0.893353740995814,-0.0164039477755863,-0.0030001936487872,0.0139910583843152,0.0483517286421237,0.013532572848572,-0.0163239398627385,0.0093623396107465,-0.0195516938515125,0.0,0.0,0.0,0.0,0.0281942831662809,0.0,0.0,0.0,0.0,0.0764542833466327,0.0,0.0039281563995151,0.0035711002532107,0.0110393407090356,-0.0023071848131786,0.0079332646616459,-0.0129282917694481,0.0099096908700708,0.0046075324236108,0.003802796309363,0.201283877077334,-0.0295984526050795
0145,0.914969539743802,0.0571316232239212,0.148002791270699,0.0430100639341948,0.554167296113478,0.22783442893205,0.329591036381286,-0.311612715452795,0.503450974365738,0.0308019350310766,0.392433497105855,0.940873240943948,-0.0130164108856554,0.0240552693678304,-0.0280154538765565,0.400232296614214,0.0704893686779577,0.14064652929859,0.054928023720082,0.321312932432593,0.976773494879506,0.710930227352292,0.111949130416823,1.66547801713528,0.0647306685097733,1.07628281593185,1.58517034553997,0.0551098847595498,0.0668760255838668,0.0443680018628915,-0.682317154127386,-0.0195498162938297,-0.0579704484903871,-0.0137357901371652,-0.541001821640285,-1.0363310119415,-0.508841809568914,-0.334239862099374,-0.789100132404634,-0.0467546602730018,-0.973013881736656,-0.205836533258149,-0.222742464594863,-0.268106345242668,-0.201089646974628,1.58466841896744,-0.0659263829324706,-0.0110529695869368,-0.072678565362489,1.59256745730261,1.75621020092765,2.01556569370102,0.38286645477889,2.00364742912449,-0.125067882529903,1.73886630905379,1.8104605947247,-0.182960664749113,-0.196860253266054,-0.166901530631295,0.238897550951271,-0.129753342577973,-0.133667848585822,-0.124789923900198,-0.0552173476059266,-0.0507326915263877,0.332071331891433,-0.0705259169209864,0.728388414540006,-0.195814241338709,-0.0423058760700248,0.201788414379956,-0.0957962871233606,-0.0673297967688367,-0.103049574650925,1.54738256473198,0.0577924583456735,0.155536461201488,0.0443756042068256,2.38284440161275,1.98858425571394,1.94799798346098,0.223498736527744,2.19400143755834,-0.0108617571593378,2.08285186934075,2.39113153973281,0.316136791723536,0.040726219839208,0.0670968401384808,0.0298206032930657,0.147915326470365,0.272999450428404,-0.0500694992696987,0.52830750179229,0.0167297198229545,0.386267661792936,0.370239555172589,-0.0085555223653197,-0.0187800017358704,-0.0076655446447903,-0.0181163961328274,-0.0003533150889651,0.0124070508229218,0.0209774463438466,0.0094026009304822,0.0,0.0,0.0,0.0,0.0189671677205905,0.0,0.0,0.0,0.0,0.0654120224590341,0.0,0.0242342496776572,0.0237586527707417,0.02192568500402,0.0268877541743805,0.0321005722441179,0.0346234169451578,0.0303845029396029,0.0514863021388258,0.0474581529899554,0.0641846000577848,0.0351691402668401
0004,0.591318644347038,0.210770308186502,0.344168065826932,0.20393181092051,0.0596653709900343,-0.752234283337792,0.405658834373551,0.206533717713474,0.689960294643549,0.498872282586868,-0.745798800097656,0.55488194742584,0.22123258042315,0.174059476405358,0.228780061928489,1.13448400608662,0.244336773700413,0.189294295720604,0.2502489968846,0.189276989809962,-1.32715689199845,0.788302301730013,0.304299672878591,3.68147380463579,0.731066453079771,-0.638390188355337,1.17554880756353,0.0598625090792008,0.0228165642079212,0.0602986678709095,,,,,,,,,,,,,,,,1.60046574585676,-0.124397420276163,0.152873739125697,-0.134467533720791,-0.492503454446008,-1.26292201901142,1.51907667371701,0.555658332303863,1.65879975315791,0.179916112429383,-1.39343942668401,1.21422080338695,-0.15713484959028,-0.28490833123932,-0.149857273440821,0.206443414927832,0.156616847746536,0.250154199651691,0.15033384227335,0.0973151229803659,-0.956319794423883,0.31428726386817,0.375208848872188,0.60031826524405,0.29289774943423,-1.09191985981625,0.201569390304272,0.229258022946871,0.170597813387553,0.235888299947813,1.39793320040882,-0.128263392645626,0.423592742265543,-0.136955573392708,0.869538336683896,-0.99119302823875,1.14729429079651,0.582987154778895,1.87857394496985,0.361593933249809,-0.846629398834977,0.847016292209354,0.387439103610918,0.140220933262048,0.0500334024928673,0.14347524746134,-1.57183006185454,0.358051837288885,0.445520387540018,1.4261441234571,0.367326986710644,-0.5580418539895,0.609560906343711,-0.0142593814003625,0.0078432631684535,0.016736742804778,-0.0721296397840697,0.0216527170929678,-0.0342648400257261,-0.115148707114585,-0.0259780559449385,0.0582575475633698,0.0451468982172184,0.0053666960500729,0.047705591209005,-0.225314508497772,0.559935506355103,0.013740904432278,0.687111330202673,0.237232090946476,-0.256372418526035,0.267923214226862,0.0238533084198109,0.0164996254641478,0.0014160672343647,0.0197206281644332,-0.0176462264550821,-0.0647347309835727,-0.0155283790305547,0.0400077622135599,0.0360547691439765,0.0820999452256708,0.0507730480725438
0005,0.955857681893676,0.188391653749768,0.246327749204596,0.170650935034771,0.864418100555578,0.531128993269539,0.631961167073769,0.0440507963665769,0.76603823934267,0.24557330615782,0.540004527521546,0.295902941130672,0.0320583384308339,0.149635270862957,0.0297466600789687,0.342763439462318,0.16555454067846,0.245082861112082,0.134229675938663,0.220131458627651,0.236908415758221,0.154994052018109,0.0,0.27359335802624,0.0275784515156859,0.203960422469715,0.0609284061092724,0.0349265657937287,-0.0105187405560726,0.0362656156547253,-0.561194816277939,-0.0882853095634439,-0.059801058597079,-0.0945008870181022,-0.265542087106063,-0.327537200831649,-0.246615075555857,-0.0005798883411134,-0.125893345797648,-0.0825994248221789,-0.355806007734067,-0.117555956861478,0.0139974476335185,0.015051327735136,0.0101399361613077,1.72777701656661,0.167919295991867,0.19582764260238,0.165661811099288,1.40343570878916,1.76775905204616,1.98806309147868,0.100396589665392,1.60034167883067,0.190843219109432,1.78553967295399,0.517805545898638,0.0328749123646468,-0.0423761659899614,0.0372654888421561,0.168282351463859,0.1455824878965,0.102530709516643,0.141542462713282,0.0029601638130982,0.295233359320355,0.364110147038574,-0.0180475976381213,0.527972233015546,0.0724724787183613,0.294233819572247,0.0282956851080363,0.0369349287048006,0.0694091297019923,0.0401745274919734,1.26258835418212,0.109555794463044,0.148115924435328,0.0964658022235107,1.89606010658689,0.929141641043822,1.10643181736761,0.0541808512683273,1.04147822480568,-0.0133640884716746,0.9641958689688,0.390546073566719,0.109725927849202,0.139487072082606,0.154377143956187,0.127228058747644,0.406966184095901,0.410646016615798,-0.0059665363076014,0.282284134132941,0.113343162278224,0.448044636533048,0.0863000866149603,-0.0079182065609074,0.0,0.0,0.0,0.0,-0.0015665036000218,-0.0899638592986425,0.0002267898071504,0.0165305892043395,0.0,0.0205822955706271,0.0,0.0099045486930875,0.0378896959485832,0.0,0.0,0.064213066951825,-0.0111656981988498,0.0,-0.0115945938808535,-0.0119514530966017,-0.0248327446156192,-0.0117188267856801,-0.0109446964359743,0.182270499045564,-0.0145217310426766,-0.0584408248122948,-0.0674694896389368,0.127286129334936,0.0685407500350331
0013,,0.212297671693673,0.310066616260299,0.20071521530312,0.811420888129809,0.501168950577637,0.444172978808153,-0.107607260957823,0.708221684514782,0.258981199115617,0.625027042368295,0.598087357381286,0.0528564066248761,0.0878022554139402,0.0549178969620622,,0.14223052746241,0.19956181422512,0.131386337458596,0.522095579631955,-0.0908527857414529,0.41001266074604,0.187229201872079,1.18118462186315,0.247606756752517,0.20505705694841,1.66639234046368,0.0603965314328502,0.113978325425115,0.0560670497736753,,-0.0302774630523038,-0.0673438212676675,-0.0298568439198551,-0.851154641870466,-0.745555850899947,-0.339407563781667,-0.365486685555485,-0.623581760492075,-0.134734251001705,-0.674339921624859,-0.253656418470009,-0.128212190880364,-0.165439283419075,-0.125997481350722,,-0.153621156835269,-0.0602550848118732,-0.169908294799807,1.64483492790262,1.41422684192386,2.11366434439831,0.351164205037906,1.6947326996737,-0.222555968536068,1.36965069291445,1.16781795015281,-0.369114675365826,-0.325508116624391,-0.369558194295416,,-0.160090047987711,-0.254843267454271,-0.157241218727904,0.235823671447384,0.209785948469023,0.559662986643211,0.118592391677146,0.614334914049076,-0.246333295889139,0.0840246440467036,0.236086133718487,-0.169732908262439,-0.132494323482954,-0.168966320915899,,-0.0488251482843353,0.11958361519601,-0.0717398716925369,2.1716265919135,1.08485835270872,1.48832951643639,0.314513106637462,1.4829523574586,0.0072185263507594,1.34811857575214,1.40845837261568,,0.243503188247465,0.419167129173829,0.218075857311793,0.805587837973377,0.88193845389497,0.189860069602553,0.823180415731373,0.0199479885532392,0.662537163595952,0.408658328691606,-0.0332230953966741,-0.0084097244471554,-0.0157770314070074,-0.0471003368969078,-0.0158361453081174,-0.0137751011702836,-0.0562740668742873,-0.0122088149082061,,0.0226342297275799,0.0161553581893928,0.0176633560817092,-0.0207459328342881,-0.0315383511000255,0.0,0.0903480936686949,-0.0015074308643781,-0.0483425102806136,0.140495052817372,0.0180168968369222,0.0107430479604769,-0.0001341248690216,0.0151982885279089,0.0261638630720881,0.0885554775554082,0.0246186787308902,0.0235335513616478,0.020239691343813,0.0329996802871821,-0.0047225688133636
0016,0.70961753105094,0.0146252126951678,-0.0703543757337315,0.0180273820600472,0.483327502079817,0.541999421115653,0.480820149427277,-0.0648371668757955,0.621876386876148,-0.144962072395347,0.646308701741963,1.04108131923115,-0.13815694290821,-0.171751709292001,-0.14020829993878,0.949841622430201,0.101820182067719,0.172787229703429,0.0917802496025548,0.50957702816094,1.27765919805749,1.11147080812811,0.195541448062108,0.970205299347988,0.12315752184279,1.62477227753456,3.06775431183353,0.0674583661812858,-0.014971950860873,0.0647792576355947,-0.487193032238854,-0.0926038516780802,-0.258197308273709,-0.0579488205260371,-0.744597147160219,-1.3690704637575,-0.814920612018822,-0.133878476499297,-0.536350009278046,-0.26535387796031,-1.51141663389862,-0.48849086590976,-0.351971212151637,-0.287311003963323,-0.354652936070394,1.82115808506208,-0.274390590769838,-0.377851291250651,-0.284689816530118,1.83775277444721,1.41945336956082,1.98579192644603,0.417793763629562,1.28131235257029,-0.329224904601831,1.31728874737209,1.67830586937597,-0.487249728675166,-0.527708733270847,-0.490601466531256,0.145005009239947,0.0484529636307707,-0.0734940934101309,0.029142053736708,0.480471819865374,0.125040147367403,0.201434708127273,0.136185269722898,0.287136699040157,-0.032271378817871,0.177311174617736,0.263569870660081,0.0611970040583469,-0.0003616758146156,0.0669161722414193,2.08435949401222,0.0262666072286827,0.0303932260216866,0.0232444847292927,2.88867004464172,1.23771301576725,1.34816987193008,0.381732936466176,1.45761587135014,-0.112701282834332,1.29212095006199,2.47360968829505,0.200307434679386,0.0506092601267543,0.0019650151507621,0.0562666961581773,0.496610117927842,0.583307695579762,0.115589421868358,0.159642938441337,-0.322752803886509,0.569706287017379,0.586572956974074,-0.0942132437096868,-0.121826839946579,-0.0547675758105469,-0.158333874678328,-0.0441244679437678,-0.0057180530856798,0.0050871948634009,-0.0100913715410164,0.0,0.0,0.0,0.0,0.140038325711725,0.0858124564936013,0.0,0.0,0.0,-0.064583132563156,0.294618270637943,0.0680025428250368,0.0607195298640699,0.0750769050491877,0.0570296516180152,0.0523500311638008,0.0385602822740659,0.0491696756078965,0.076890687611475,0.044561844169331,0.0414846902702988,0.0039428572408597
0026,0.365542078364094,0.502468395058577,0.451648731908152,0.555079584167304,0.491670751429137,0.369030934491433,0.287343172069148,0.0714452142100646,0.739777071957484,0.417431813251067,0.53756260856386,0.0966286241470922,0.0770046781319495,0.409372445931244,0.0683799821483332,0.381116673176321,0.191735104847998,0.23408562756689,0.185668621633768,0.16011897903493,0.698052149415777,1.0210191137123,0.0,1.05113344629038,0.0332850924221713,0.508518684764102,0.0985508204162967,0.0225055257435348,0.0681647453641643,0.0225839719074425,-0.368802036255928,-0.13012724834988,-0.192919234864969,-0.0758001283544844,-0.522464427403923,-0.614658698847009,-0.701033298232502,0.0,-0.221747741287149,-0.340129692636525,-0.585675906899618,-0.228549528924947,-0.220145379670569,-0.161742840693587,-0.22115159418493,0.724304672995764,0.117106231092542,0.0499063015176132,0.148102278009598,0.602632798028836,0.859763426484369,0.794080678913996,0.075456407227663,1.46682827923669,0.266688153902258,1.26140587878465,-0.0200727810257046,-0.116191748237533,-0.195673021683229,-0.127911402135239,0.211814157504118,-0.128481171835899,-0.166402019651361,-0.0712277351931097,-0.0050272013814965,0.467036395531421,0.077041098033227,0.0392932718515615,0.508905446728075,0.0279531863126383,0.313964609991957,-0.115363939954624,-0.0966462147550295,-0.119635983349476,-0.0874545543719618,0.15047242283532,0.195652038208523,0.18013305777663,0.207544918244115,0.38517777128139,0.659173290581398,0.402462259425816,0.0,0.744372044038942,0.158734233542536,0.512666075685077,0.136841747269064,0.175038668852152,0.216501918259451,0.176440350447851,0.256354361553123,0.720220608970048,1.07018974482071,0.074082434691015,0.583304382487677,0.0228168219209613,0.740384676591539,0.222466013519809,0.0086332536853034,0.0099060428153533,0.0086304732523644,-0.0638439792643063,0.0098896124154725,-0.0111940163216033,-0.113464195679982,-0.008280626022468,0.0171048083951378,0.0,0.0,0.0,0.02162808773265,0.0587158031522366,0.0,0.0459885092954916,0.0,0.0222322174484218,0.0091271854289046,-0.0042621450890465,-0.0176713689953377,-0.0335346068064618,0.00083204462528,-0.0261769573167051,0.0018910338634259,-0.0177708930567847,0.0275468533168443,0.0268282113196652,0.16409474036139,-0.0718872003425687
0036,0.880198514139512,0.482901073559783,0.462943419903267,0.50706221994165,0.987322500884621,0.430276723370363,0.919709937906206,0.0604223809640358,0.916539645693681,1.11568321380996,0.822140175110063,0.835306579470835,0.199294896195589,0.27656087090533,0.183074668329481,0.462124045081223,0.140840463585878,0.160792265633546,0.133568736990071,0.202365101962655,-0.624381368142706,0.319442404910354,0.0641731366535201,0.863274517921044,0.408935217171353,-0.112398007008687,0.563868702329012,0.0150839712234992,0.0090471862310549,0.0234750132297262,-0.376128929868125,-0.0427921516058187,-0.0590896924290387,-0.0434445840970513,-0.30172104140293,-0.314539257051082,-0.560543790221852,-0.162591552628978,0.0778298491792266,0.0050968256732351,-0.291991178023289,-0.111060648814042,-0.0959829276620274,-0.120416463271838,-0.0882534845361194,1.56349988787107,0.214181086347824,0.241999822651184,0.201438806249824,0.915991284754834,0.61201923850157,1.12531170811717,0.264241628302161,1.95000700701533,1.29123044488412,1.78316222965063,1.29037370886417,0.0989661637990864,0.0420560400112604,0.109801100603793,0.267166641536803,0.0992119962506026,0.0863266969210073,0.136784969430088,0.283833213385519,-0.336603872636,0.0172169774297186,-0.0258797412681515,1.27765185572111,0.953571419602217,0.961499475354826,0.308921851670365,0.0685679606596477,0.0359517867264514,0.064673391267112,1.09264674611171,0.256835933743718,0.216877501538685,0.272603896946681,1.08648599486765,-0.411998120599369,-0.0218205346811107,0.553358521563729,0.930011443647304,0.754585955178727,-0.465786768532603,1.05955089135399,0.215144082113206,0.195958332213129,0.209881016462227,0.180406391674453,0.461048495404145,1.12431707513346,0.348997803932721,0.212618400723495,0.0230592753173011,0.287944519020906,0.51474230116067,0.0186684742215509,0.0151400034519662,0.0412671447928998,0.0905760978071419,0.0316483944251796,0.0079949369305222,0.0302360202794674,0.0026183164624933,0.30664545006339,-0.0044452381289275,-0.0202354749402112,-0.0351349227024293,-0.741836656252412,-1.19109841072595,-0.0432025436487087,0.714507274950676,0.572018777244033,-0.268072370508078,0.18099690900619,-0.0290405584403297,-0.0268568206650319,-0.0104505864975644,-0.030960895036563,0.0862967302848294,0.0756840904874596,0.0770400701594438,-0.295704879679245,-0.263351646436784,-0.314539008696006,-0.0408984345635499
0046,0.0019232883999789,-0.438010878053367,-0.524311074359683,-0.36441252763791,0.320121320249555,0.517610862517995,0.404690318704633,0.0,0.539685326560024,0.21452127052639,1.6298088204508,0.0,0.0074837190309919,-0.0129741662780658,0.0272817104678775,0.0992455919510535,0.0167340611523766,-0.140360142800965,0.0731534688623044,0.147381090203836,1.08410178031722,1.23309437854291,0.0,0.306374421306182,0.139770840785602,1.84011505378845,0.0,0.176128643321661,0.176074557891665,0.194304513631908,-0.0439909469492361,0.168893488870011,0.416118786304104,0.160470834896778,0.103941154008088,0.186179186771199,-0.0354673440744909,0.0,0.190190555093765,-0.262532389765647,0.678774223074012,0.0,0.359776009082086,0.567076876909275,0.310106374340139,0.129895472207524,0.186936732738572,0.152753324763841,0.184091280183759,0.79977779721321,1.06192625157635,0.983380667739645,0.0,0.731441911514325,0.997770669938491,1.73185608039328,0.0,0.584271194423141,0.76936696726869,0.582152736000118,0.0044561330729928,0.1299452317998,0.0615519494527621,0.174243604572443,0.321135774245248,0.168989136499426,0.342734208763723,0.0,0.169496425933936,0.214947104874363,1.17565343780768,-0.0522921309425669,-0.052149459631138,-0.119163354324728,0.0547542113816952,0.0354325279272178,-0.055399715903512,0.103406502205541,-0.0830325842854026,0.362608498585448,0.582755249000488,0.859102256585507,0.0,0.750295200251665,0.0170407540677544,0.75895967964032,0.0,0.103281307124307,-0.260187323324853,-0.166567207337109,-0.271625619054741,0.876514006409056,0.485841057002982,0.0072124304881895,0.527424671342064,0.326947209663545,1.41547981878714,-0.0790027405942419,0.180053457470166,0.205742825831263,0.0183592692171541,-0.0457689634904644,0.108271924422226,0.0901900031319144,0.242923429127382,0.0248685696157665,0.0,0.0,-0.0226589586635554,0.0,0.0586962525907461,-0.0813455668384153,0.0,0.0,0.107222582577031,0.0465510278769914,0.0,-0.046070464034825,-0.0600385959211102,0.0009297300838782,-0.0641123432586966,0.0297788183190781,0.250309919854534,-0.0753247772572282,-0.103154680084006,-0.101414958056025,-1.19952388012732,-0.281182146320985
0100,0.67683009354786,0.0886253252425435,0.0788275811076479,0.107029294419057,0.475024905739883,0.283184904792115,0.25169524171872,-0.130557159091278,0.378847122710463,0.0662171073644668,0.386549034454177,0.58661483288314,0.0957899537786001,0.139194422184698,0.0755467507160625,0.634732586340369,0.0551092605060238,0.0633510702326763,0.0589392898869512,0.363865847292868,0.481259091327707,0.235857145635757,0.0926177449811144,0.393860187388085,0.0526964526742654,1.33172809736382,0.800312144002119,-0.0012594317928034,0.0023271700335943,-0.0035122727670522,-0.37127672163193,-0.0631883921561721,-0.0839051601347002,-0.0323606339778467,-0.4578269835117,-0.764849552654857,-0.690612643251085,-0.166648832268263,-1.11499043383209,-0.218394193183321,-0.246894857694219,-0.104458648144364,-0.271373584421192,-0.512445725173951,-0.240169047323024,0.972412777679258,-0.0345827239964606,-0.0394391355773859,-0.0233628876031005,1.26238362165589,0.919739426031724,0.664659226487423,0.294757844240121,0.802049772874027,0.149180401926097,1.09094964763268,1.01873187829107,-0.102537413537895,0.0057175550301613,-0.115504128008857,0.30461446184398,-0.175580313098681,-0.213941757157744,-0.111928996376247,0.301913156906467,0.102333243047271,0.077021217721446,0.0547622254636214,0.168338867388343,0.0675254927517195,0.112376942372805,0.483473363821915,-0.0745573464488922,-0.0756011172193638,-0.069134179671547,0.6727205136291,0.0958575305557803,0.093722126625217,0.0967575681321996,1.70343614856829,0.244102222262809,0.133268183806742,0.162296081399061,0.617804474188461,0.162621380130411,0.899747675070412,0.798476305891659,0.0904580298299629,0.0498001373790375,-0.0294119479253709,0.0685738944520704,0.57610896055735,0.469371901635355,-0.0618869944208487,0.744588242870581,0.0416570849319579,0.717129358145005,0.451791378596559,0.0005978604714409,-0.0200168330219525,0.0320683347612747,0.0019954902204518,0.038710599042362,-0.0027257676382249,0.0764887783508187,-0.0120135827121786,0.0,0.0097551482435106,0.0056251026203021,0.0206618821403079,0.0291723085536635,0.0,0.0,0.0,0.0,-0.0090518322262501,0.0330140622773797,-0.0218721857070957,-0.0167188133254444,-0.0230873118805638,-0.0115853956269582,-0.011280604069475,-0.0457897224599417,-0.0116420648022442,-0.0497302724339531,-0.0460472923992794,-0.0333922455430795,-0.115084176982588
0002,0.684283977301161,0.201611321190988,0.293870690164332,0.16207935972381,0.688515956878794,0.283555588707471,0.350154848590843,0.592721349383097,0.375608044889833,0.087989559511606,0.264731651652226,0.472707322790387,0.0454896553623836,0.126370172628638,0.0411961007041199,1.19917431205554,0.110902287550286,0.12592243633448,0.10323908453543,0.314071894138019,-0.0217795991786391,0.20037339973047,0.396758326540828,1.08607014425305,0.0747267808269683,-0.13929367944475,0.557871795180717,0.0297696768468744,0.0881502949237478,0.0236674674479068,,,,,,,,,,,,,,,,1.97241283096518,0.144887728743621,0.210029094367383,0.111469085118256,1.33902936605574,1.82307112369693,2.00687165742559,1.07929607649613,1.95340957574742,0.115185447145385,1.81933087097427,1.11135287553854,0.0133309144388672,0.207375638041173,0.0067728561018904,0.159253975604835,0.0663611371663906,0.0833569485927343,0.0398349882153763,0.156084222460345,0.153267432226891,0.103516975890774,0.211013401578786,0.264914150072891,-0.0813531407187555,0.192985233726454,0.0693588358355303,-0.0134110164201671,-0.0017614104040655,-0.0132910400350104,1.52659385394198,0.209602100599311,0.313156548888493,0.181110683109414,2.10686955002762,1.04533645368603,1.19050977954236,1.18262066028881,1.29558324273175,0.0800769563149604,1.16244232160913,1.04228659899569,0.288434702753655,0.133322722159094,0.236177575986189,0.0974509806682715,0.314217323473296,0.402289389794286,0.257491440286645,0.36335329334135,0.053039692643388,0.297060721598987,0.22041319586837,-0.0138932221852883,0.0012913227114848,-0.0002475243543304,0.0699583977922865,-0.0065120669361618,0.0349559230084422,0.162673399844715,0.0313780859424326,0.0477531877352547,0.0,0.0,0.0,0.0059117309447146,-0.0046892104170253,0.0,0.0351133696185794,-0.0041880760845061,0.0002554675069518,0.0098157491096935,-0.0066699002895209,-0.0065353975148851,-0.0098824200774981,-0.0075710944555659,-0.0088900321296139,0.256908063285468,-0.021492296129601,0.134617429433796,0.170263758780771,-0.0056700762612184,-0.105289438371414
0040,0.122606461308422,0.406279138215152,0.359905325178325,0.410100470373837,0.665055475534587,0.37561709400925,0.578808382768418,-0.685670990807121,0.670462467441313,0.189957761392604,0.242176339655362,-0.512724302506239,0.201232374675874,0.297366549092969,0.178732126639682,0.695595002479186,0.190282061107456,0.272412127084622,0.184810671968415,1.26561665872521,0.276636106463502,0.744538314788985,-0.0236695725588283,0.932523384016332,0.220825897725772,0.0164924280424268,0.664019100272648,0.0303752575437318,0.037027774810045,0.0347212537776677,-0.321211459822483,-0.237429218450562,-0.376303298864923,-0.178579528062934,-0.0766521050388358,-0.762248562121282,-0.356583441165074,-0.0742611501927149,-0.127249717138594,-0.394348828936408,-0.641434932251334,-0.456825565204051,-0.636030434823561,-0.867595376702383,-0.539574095444259,0.766622335824655,0.269238732655365,0.375340592862384,0.254587080314667,1.39269056479049,0.67587427861088,1.22808697120619,-0.303212085667444,0.990250870517385,0.30691767377485,0.723389379395188,0.016867345661131,0.0759373763157873,0.165774065831687,0.0689650862369834,0.181453634561123,0.22252792959906,0.248530776200512,0.145567716368751,-0.310685650930088,0.533191513610337,0.894343243178468,-0.0799943646119958,0.607082059180936,0.382224003200616,0.468284214036253,-0.11567399208036,0.133104160095767,0.201788243822704,0.10340306898667,0.310234050942543,0.312697972598676,0.302213167719033,0.252074367562598,0.340293593773855,0.11034141838264,0.297049474238397,-0.0301821494387033,1.2216388636901,0.217451517576267,-0.104858094288822,0.522524141119583,0.186423617156456,0.248482253471974,0.233464003302722,0.227912019544698,0.325934261520314,0.301851807753879,-0.240435486021268,0.800895723989256,-0.271270299528615,0.371007281828227,0.856639603836142,-0.0694022032318256,0.0201704574785344,0.0658710419459042,0.0939847362297312,0.0182225118363929,0.006196442443804,0.063352590265162,-0.006559065101688,0.0,0.0,0.0,0.0,0.010712238694378,0.198947645421135,0.0,0.0,0.0,0.173697183851867,0.0406213021330695,0.0237809107845517,0.0345027432655765,0.0318803370469372,0.0291554093132028,0.0571467408898489,0.162560661762199,0.0208876244431832,0.0199816833599933,-0.0381849252299288,0.196414550883834,0.0455015494025947
0078,0.657758849329013,0.154574614321381,0.194447245293334,0.142528372600321,0.774861863729686,0.529918317083964,0.566309095899962,0.103572165377,0.661229506901566,0.809840298557467,0.585023259356763,0.25426444055453,0.0505415388417864,0.0410514700220623,0.0459934001879077,0.515145012498147,0.0795015203428674,0.0361312534571514,0.0882786855817125,0.118815744354821,0.917013484233605,0.989624966961759,0.0,0.601362110647579,0.705746181856466,0.827502283890553,0.2180145896399,0.0214604539530964,-0.0987430248924526,0.0165223079282533,-0.405061547281021,-0.0712332968263661,-0.0538436719957863,-0.056260826387115,-0.106461876968338,-0.220231605991854,-0.176562706845003,-0.0113178601074603,-0.0757706676817563,-0.0262218971260378,-0.185741706803816,-0.112350531800382,-0.114988046084712,0.152506696183912,-0.103549805891526,0.823068807613538,0.0254018473324565,-0.0052489182145815,0.0396931507295964,0.469416252122068,0.991562187438152,1.0941215923652,0.0622277072989023,0.977956767680922,1.76488198538364,1.00936165864373,0.429195011492947,0.0281503545118604,0.270770108808643,0.0269696926492371,0.12156643558865,0.0306062751070582,0.123687961467929,0.0139772180382091,-0.0517108333981695,0.2039595604023,0.157881800360372,0.012734156782561,0.307466941682124,0.333305886061746,0.161097525117735,0.150557075957421,-0.0138580344006636,0.30321507166255,-0.0286025939238181,0.318054185645908,0.0,0.0149926268529654,0.0,0.390781197990908,0.413978322357676,0.460175730446297,0.0,0.464121799389795,0.603585018750336,0.381799253689748,0.231898270669775,0.163754167837902,0.0873697502204067,0.15102157906689,0.0650225654457731,0.238249774441732,0.229945698761325,0.0068693161935595,0.0996905064834669,0.0878511634540243,0.22845159948438,0.144602537593654,0.0,0.0,0.0,0.170261229920373,0.0,-0.0032129039028877,-0.0663429927145828,-0.0087859704583707,0.0122668863736151,0.0,0.0,0.0,0.0665650809382422,0.098913854088253,0.0,0.0,0.0,0.0268313762848719,0.0495184650786488,-0.0561602631185808,-0.058083748295896,-0.0564876010702147,-0.0500139784236429,-0.0219474258557792,0.438050481102971,-0.0318582872044745,0.0265184547010292,-0.0517666482631417,0.480179446202703,-0.0752468408158107
0055,0.0800599960693376,-0.159835052895972,-0.216759702989199,-0.206862168064642,0.227703857253149,0.266817587531909,0.671655124477537,-0.446869695575107,0.0595375056743994,-0.719449093121018,0.285123954356088,0.182800455326355,-0.204456321898627,-0.0869710488087088,-0.251140487545441,0.311027346285623,0.102412921730733,0.148975148736764,0.10438678539175,0.0058153789414297,1.42287832694781,1.63721384437124,0.0,0.437144156456168,0.141067437078154,1.63031647086926,0.168127779331056,0.0946510356221,0.140128366069204,0.0950096970755141,-0.158669484904443,0.0716286391741281,0.227642345390988,0.0671456709650242,-0.402265524091868,-0.319398430938797,-0.19891967824103,-0.114922109667529,-0.128522321691571,0.185914707932225,-0.63922863739401,0.0187684716010983,-0.0478142538731174,-0.224997646968856,0.0142915753238598,0.51899730310475,0.150227663664037,0.060229336324074,0.204792087403375,-0.154465020429302,0.587170426051738,1.29411695685568,-0.067079238817172,0.352972820629472,-0.442878684002851,0.302237158726098,0.337949885850178,-0.11134962960446,-0.0218082755436533,-0.147677432939969,0.275799277755333,0.0624790064290355,0.0986554525583028,0.180746370516599,-0.0885533873698885,0.297944594708623,0.64020058288275,-0.101622368977685,0.35361236029512,0.313843224064799,0.0238265377463862,0.162775027813518,0.0971328232978537,0.126107081940155,0.0833419716801873,0.186720651076819,-0.0087432841539608,-0.0938612787280801,0.0685392210785731,-0.491061336971395,0.192988200320431,0.721530573011183,-0.187670680719051,-0.0468207538357022,-0.263434327383835,0.492239904085827,0.211622841515189,0.0041372156510388,-0.234236805201786,-0.329026447746279,-0.284201010280922,0.890085955431993,0.830968223951353,0.361661874505661,0.429857997819579,0.0108292665403467,1.01157721683074,-0.0056962909918374,-0.0795501668866541,0.0027528869754796,0.0204845446594758,0.0331197533644161,0.0254647268121265,0.0954360484290978,0.15078891813195,0.0804251919968019,0.589264066466214,-0.164047964549069,-0.0883674141230832,-0.0522290884040075,0.594002722597402,0.820141975329146,-0.0238958744500502,0.465414806826172,0.517536082657124,0.883113303046853,0.318972487606406,-0.0418533623525723,-0.0431545163696954,-0.0471402423678957,-0.0419325900296694,-0.0255842622776936,-0.0633984452797662,-0.0306162214003569,0.0173321861571885,0.0959749091813515,-0.0428833716225707,0.0258133272816923
0056,0.050604221935034,0.422331625686633,0.529331880660813,0.31044337571801,0.358185804905501,-0.0074787031089977,0.455985114879663,0.286689937414497,0.33767109475531,0.318628853212245,0.320411260740029,0.0639548592227071,0.0200001748305883,-0.0528673563889275,0.0333614138356634,0.623677631516055,0.100688380851141,0.139793637153362,0.0505474969564228,0.280335148548291,-0.254127551643729,0.111886459182354,0.206624878400549,0.463305407931624,0.0231009383920982,-0.508573068578046,0.654810500454841,-0.0189807389609743,-0.0754454564875155,-0.0149367508919518,-0.416399505900404,-0.115859876023426,-0.12576226440079,-0.071138907665712,-0.16204300816824,-0.29192476860192,0.172515062633525,-0.175446108537543,-0.299145215641017,-0.333867538742591,0.0354887958722614,-0.378670817851412,-0.241602696929161,-0.291237281113957,-0.238749293096537,0.831476269772003,0.2376611854308,0.289167636093492,0.185896686495062,0.455941722001619,0.807147944291317,0.796373036712188,0.417647543285339,0.907365473403337,0.0639976537796791,0.710639405006578,0.839398516277234,-0.0092676391674788,0.0116692880692297,-0.0174513877326284,-0.0234025036124873,-0.0150800727407521,-0.0303125091623843,0.0316579117081405,-0.0455940121818462,0.153142954857047,0.465788194870618,0.0832939980676705,0.254767008508947,0.151162131809907,0.108888249452589,0.0167252138054008,-0.0060489612030678,-0.0074483908297466,-0.0071812314786832,0.276858569142752,0.136694437424279,0.148727204566081,0.0968883211520106,0.303061327230654,0.102789201209776,0.144576272256066,0.195851859767073,0.290108463237815,0.0320526728689225,0.157122791350487,0.291769475241089,0.240487767527854,0.319564546791609,0.321534421855054,0.300324338774097,0.461040042986175,0.787682149143347,0.287850090449057,0.606336028119092,0.0307015761014708,0.935767795038325,0.176671135529641,0.0296423406610435,-0.0081955933794563,0.0071888819832583,0.0185501343899525,0.0047517559336227,-0.0185498687143,-0.0983228709675631,-0.0083545650982015,0.0,0.0,0.0,0.0,0.0056108455356277,0.0175238781042136,0.0,0.0113674531970598,0.0,0.0200595141735333,0.0217242983484459,-0.0491143890323639,-0.0499125872967779,-0.0702769452688869,-0.0417210964069051,0.0097054289167273,-0.0170274064833676,0.0121602722941199,-0.0909687941628733,-0.101882672696841,-0.0506533813694697,-0.0108685380814393
0059,,0.37492971803211,0.561276614939861,0.319509366341507,0.570346624174272,0.466571963427168,0.38195676868601,0.26792283740479,0.584052021037308,0.264604677129147,0.425251248425117,0.591089005281607,0.0803415996566961,0.177270979592319,0.077298493577784,,0.148350056438566,0.234226037802318,0.112596017095949,0.101251373971494,0.271191202629633,0.708548551301945,0.10966632525708,0.719487448715906,0.0911716550945036,0.146994650165837,1.02947924761397,0.0035806191344273,0.074250617302542,-0.0003346887347306,,-0.0418462466435741,-0.0629927778120087,-0.0281501488577664,-0.262010135021764,-0.362259915219552,-0.26188488049828,-0.123656322979551,-0.148083102243359,-0.290140949293209,-0.216072869218434,-0.0251854025205854,-0.0349239672937105,-0.226591875143687,-0.0276050086028187,,0.213695356338632,0.290426444066628,0.172709601278037,0.373361281984805,0.982385007462091,1.35411087506822,0.245324918545239,0.935873540477919,0.576256747791779,1.14642300122343,1.65478550545223,0.0209544568573143,0.0134848162224175,0.0202979685302243,,0.051083391368218,0.0206221182520285,0.0545268966972021,-0.0634279162526352,0.352711887612503,0.304724010767628,0.0348119658188238,0.182808803068698,0.0977043059211962,0.367722553368772,0.381824638149602,-0.0065626014340076,0.233445831379146,-0.0124246892467008,,0.18671450540503,0.27618607699256,0.160766366351585,0.645404986789967,0.286269548456741,0.349499323839539,0.22870189109195,0.613482564412632,0.219232569153402,0.588997050320425,0.618243356122595,,0.277505831438432,0.34746358680019,0.243281712499136,0.54734162373529,0.659889573401438,0.124330995748827,0.475384689686671,0.0772790728323704,0.587137374892387,0.392686734135324,0.0731470967202761,0.0204424226877007,0.0083079531622375,0.0430415687155664,0.0064093487262131,-0.006116414337922,0.0116724196553622,-0.0075207849414771,,0.0,0.0,0.0,-0.0072218835133419,-0.0393659018178171,0.0,0.0,-0.0944692677120903,-0.0123381813656574,0.020470967975957,-0.0321799720258159,-0.0326982370168687,-0.0095116442435806,-0.037817843109401,-0.0165619750734334,0.0404163997664315,-0.0169942989032095,-0.0097568439309292,-0.0417959948592385,0.147402885306125,-0.0375503222931953
0067,0.578779910069065,0.563580880286912,0.982297780045762,0.454384796976023,0.537143070614472,0.602915882331792,0.53432056565462,0.723552655813613,0.78155921569332,0.596577905764613,0.518889326531504,0.298651954791699,0.0247057903134995,0.110176302264357,0.020770127162916,0.38888131431204,0.191417044673125,0.475217494516417,0.15297518317586,0.095360984918266,0.812909621842375,0.608730648924031,0.392712817105008,1.06223196448228,0.271808543585959,0.270122480762315,0.384314379291548,-0.0163769593396796,0.0930124249938701,-0.0193467615601147,-0.751660073629406,-0.148006220943799,-0.234655566576358,-0.118096970028322,-0.502780005024008,-1.11888598309693,-0.780268475748603,-0.555549447288482,-0.879805366562486,-0.35305758499369,-1.12430619470497,-0.34673578378405,-0.312924359637517,-0.237213155972353,-0.309848692136539,1.01631562939091,0.178070803384886,0.281531730740784,0.161220221855239,0.525393326963444,1.4363948177316,1.65158480841693,1.1034113785293,1.4320330380938,0.556395045850776,1.30092964576433,0.709494058732893,-0.0678706158686267,-0.0022394355890009,-0.0699356703032721,0.0405976786642492,0.0002138445695984,-0.0609699961069232,0.0192683278372245,0.170160830139212,0.229475593703336,0.333545829175834,0.319724981522343,0.435879522152531,0.208854768777234,0.122355698332361,-0.0142070329050419,-0.0219299699400044,0.0501633218985988,-0.0283073131349694,0.350745693090003,0.315915261958799,0.579471227773003,0.283137922077921,0.778440104020389,0.98697482081344,1.01304171655888,0.925001491140634,1.17164637594433,0.343648248822275,0.95253760271328,0.323805430326732,0.470621480019794,0.372529570827763,0.575252829960573,0.335941557127934,0.796228499161092,0.732343449826373,0.559070276382315,0.848331847352721,0.260190002935812,0.764845000822818,0.520499611482202,-0.0249070689103634,-0.0070156910911566,-0.0107055294665208,-0.0555194114851172,-0.0097005653496491,-0.0127037547782999,0.0725337699537262,-0.014522181986673,0.0,0.0,0.0,0.0,0.0523798121547543,0.0671653909177152,0.0,0.0,0.0,0.0202976760339023,0.0,-0.044982970675394,-0.0471231977374582,-0.0397156551927521,-0.0485499816127792,-0.030853934501478,-0.159210578843663,-0.030928504072966,0.0022207925149577,0.0078879033871918,0.0593053054718994,-0.0620242309423414
0068,0.49120392441425,0.249468032828018,0.399274043976665,0.202284194588134,0.563540289544296,0.80738794643877,0.759553786513542,0.284600794026126,0.927543536315479,0.708553728615411,0.711053224545866,0.414112600707557,0.0663672259896467,0.0022815038043071,0.0711269762855479,0.438520745951706,0.0841319168596854,0.0996214326683515,0.0812762535211754,0.139571713429036,2.09671688891756,1.73184119084124,0.214778728994817,1.06156713020601,0.388174034979821,2.00899818220939,0.470339945956345,0.0085845514309959,0.0034093588238557,0.0025370096428507,-0.751516086977902,-0.0669424590109283,-0.0149316431786457,-0.0653796824228347,-0.478724239980809,-0.75838472729143,-0.996324601951735,-0.316879864140416,-0.37853352206191,-0.273138604882501,-0.663229268016582,-0.610712218020934,-0.175514059821765,-0.216233188769342,-0.178828870719256,0.44330893887639,0.0907818895115124,-0.0004072339189087,0.086717321107285,0.448845573121761,1.57841917098309,1.94780235923002,0.433750376752462,1.72554065895035,0.616312375629078,1.57662458431624,0.392781667478617,0.0484074908325848,-0.0765411563799965,0.0479081941298458,0.116721062271897,0.0532993080913826,0.0901618069731869,0.0675234602263739,0.023704167096255,0.690063427074232,0.257960593290264,0.197726465706314,0.874110413734295,0.29336673295825,0.188658488200537,0.140177529427152,-0.0336653000393774,-0.375675167578179,-0.0311655764688319,0.140679257435942,0.0782380782894783,0.143720965386021,0.0620301943492929,0.449786482787969,1.30124836136446,1.3366110996695,0.214475282481752,0.93541293507833,0.269453632674995,1.23307690796619,0.1457381061428,0.161003407545162,0.113754270969586,0.145421548425416,0.109805572531781,1.17028516601486,0.814655142212516,0.0704725210511654,0.656977753360643,0.243881067932314,0.785907088073527,0.324805449985244,-0.0026658657910932,0.0136100951025141,0.0200954568194051,0.312640792347732,0.0176031650831906,-0.0259464709758553,0.0031497933638698,-0.0262902492222987,0.0095787677148485,0.0,0.0,0.0,0.0991388633957961,0.0378798594158891,0.0,0.0356912499775403,0.0,0.252883623077937,0.0269547781807891,0.0054410773664339,0.0145049237104172,0.0176913693763912,0.0131869669036807,-0.0113151479742815,-0.363899998614101,-0.0069474907899619,0.0932133247260567,0.0739127365951324,0.399623283783902,0.0350528519076695
0070,0.130202109077831,0.294892263511943,0.272820438541443,0.317301999465429,0.49720154330541,0.018431034427802,-0.0577453212898036,0.256605754859416,0.172785554300726,0.313214855488247,0.12140199730337,0.18765528327724,-0.0172168680537486,-0.0853353130567955,-0.0166046244017509,0.543252013098762,0.0701645914632034,0.0527846694734544,0.0819890177372049,0.150334088630899,-0.38457283258516,-0.198957719625307,0.0985887425226211,0.0281685730474124,0.0594909433614266,-0.47940322883481,0.344539461954924,-0.0618638536159502,-0.413981597270425,-0.0565372126247706,-0.218449166635946,-0.0538809502678623,-0.0794468815410005,-0.0276383422862247,-0.106699978815989,-0.238999124917902,-0.185431796283659,-0.0992393829190909,-0.112559586999647,-0.154246341173284,-0.185808998425338,-0.0400408061985908,-0.108661405004748,-0.0336928855130783,-0.112186347481552,0.788422428932514,0.149502943478451,0.118078219788094,0.18397534154086,0.584426106287493,0.573005596600183,0.733370056505322,0.418796132149495,0.757570764922477,0.191730439979513,0.763423594972249,0.799506721901778,-0.0061922682806932,-0.171538800595078,-0.0045110493951628,-0.0826775049103893,-0.0379555223809981,0.0067251078378949,-0.0499325744364119,-0.0537780066707323,0.0935150077050086,0.0938256985256712,-0.0022948225311645,0.0131974052246911,-0.050792312109508,0.0218925452676062,0.0593400859825711,-0.142826504973555,-0.391982074715161,-0.136084458085946,0.121618378457749,0.0882884452792193,0.0839550528084364,0.0878834067061182,0.333803798376545,-0.0208469526551687,-0.0495798316182856,0.211017107170222,0.122523872686845,0.0458897745704011,0.11105936435328,0.178508282493754,0.237782327095821,0.320094718602873,0.326865259899729,0.332557014423744,0.244761841057748,0.308820071372728,0.0943130931362961,0.243274382266804,0.0417487333596873,0.336463722769595,0.249076474589816,0.0225838470204974,-0.0130837282046739,-0.0265946087712502,-0.173592932507305,-0.0220024808047926,-0.0272893334585696,0.0869033704566073,-0.0294604452554446,0.0,0.0,0.0,0.0,0.0,0.0,0.0,0.0,0.0,0.0,0.0,-0.0768499766669016,-0.0792367149253175,-0.109362583427635,-0.0680268451894026,-0.0902899088965712,-0.239990484212317,-0.0887020920170503,-0.111907141270495,-0.120995871747655,-0.0471200659089552,-0.023414623983387
0072,0.745743217725132,0.429038584261769,0.521047204970759,0.210736389132932,0.927626739797286,0.954212603325632,0.913845187167494,0.308225832645871,1.1918877493232,0.192372583370547,0.76667845186145,0.163812184627567,0.165976062750402,0.094412429892355,0.181435313773859,0.262736594474956,0.216645651531771,0.263529201949245,0.116929895005932,0.413526857098839,0.448602804969956,0.235466251462402,0.115191282792304,0.347213565077405,-0.212703912740346,0.462204794526847,0.0770344656780062,0.0753965924611482,0.116567853620158,0.0669456847265578,-0.488463508977606,-0.0836434797455118,-0.0960429449075028,-0.0244898015723978,-0.047198914254925,-0.302465761348899,0.0147917989404986,0.0219653556201999,0.133472742225638,0.0129927595536743,0.017504819674899,-0.150816232973927,0.0582853894905127,-0.0230928222128146,0.0773356992673264,0.479350258940601,0.236148638434516,0.297698972208484,0.0867244674329234,1.56155942162807,1.2313774477409,1.4924104414093,0.455724878478784,1.56482426581119,0.166726700192878,1.27410240059152,0.038647813951726,0.0238209574650344,0.0902759247465279,0.0081625265572695,0.314767563865884,0.129019881270175,0.121888682176689,0.117620059755616,0.217805653143119,0.490533913702796,0.399633746275106,0.623589302219561,0.449064656563564,-0.24673527391327,0.345091738783617,-0.0395262408661588,0.118979107977503,0.0899023563744732,0.128807990892589,0.140448355253245,0.212673229187871,0.236577334960319,0.139946539368855,1.58183824750683,0.60767138879424,0.705701371620665,0.0,1.03537040154297,0.184958600334247,0.843295643404432,0.0894369891009231,0.225708849832121,0.296700530324875,0.292138696683392,0.179287065958467,0.690597704250999,0.416516522046058,0.13341484597011,0.530703381473067,-0.0250567431545835,0.684023386663736,0.208730210818797,0.116966264036474,0.0264292538510359,0.0463453427875237,-0.0037049248776614,0.0527628384096537,0.0172375431148424,-0.0452045586242585,0.0264086528748704,0.0273343271944843,0.0,0.0002706296476096,0.0,0.0814953298424391,0.058614451101987,0.0,0.0,-0.0088954095127967,0.0460932815182641,0.0313754964002923,0.0676133754860589,0.073640670205816,0.0576203417941938,0.0826160149565331,0.0366226133931578,-0.0038327981791722,0.0561881016327708,0.224816443122185,0.196000278503955,0.539235368914759,0.0441652479666186
0084,0.68391522582647,0.353225042583611,0.596924109318608,0.291414372886154,0.541890437206584,0.513501731174568,0.619961866700879,1.88254321161661,0.725814140421192,-0.0824008441512454,0.469990899029566,1.2319965478916,-0.0449021751800603,-0.094383004220969,-0.0443913353431079,0.916770192432038,0.343423252907653,0.534030956129441,0.292096690919244,0.914058529185345,2.18603529523962,1.62576847865516,0.409434715076893,1.06529560731555,0.342327598778244,1.99586616231769,1.05174858597074,0.178470600749167,0.294999399946272,0.165476216732379,-0.306429066465408,-0.18829502398075,-0.224524717906264,-0.14291403430504,-0.496428377737399,-0.800708447552616,-0.421509572125233,0.0,-0.180451641124329,-0.405633894279054,-0.421206805337406,-0.013507338614007,-0.609865090100512,-0.623036119283799,-0.604645193245309,1.10906868656393,-0.126184349276984,-0.108972871945785,-0.106048580687268,0.802833932616233,1.39344505540838,1.36440005905763,0.779067919186961,1.10791101506831,0.0826788911703842,1.04977260397986,1.57806392595783,-0.191011316137668,-0.380224618206621,-0.174107628541976,0.236771986282014,0.412666926055185,0.468016378949074,0.391492391258465,0.418936655586496,0.743747489866368,0.508134021744942,0.28718311642438,0.37802309178712,0.246965569499805,0.56356498819446,0.717663428442785,0.418291397060059,0.310180274748144,0.436386292612815,0.978853470460368,0.296213416583024,0.408850570303691,0.248448721730618,1.00797356396493,1.27403540605988,1.28056116687876,0.791630756215252,1.29005950281964,0.173840601423052,0.989290125752406,0.84481920676,0.285917613795059,0.215098746661545,0.189124989967969,0.17636491781124,0.427169429453282,0.111688386844041,1.10390924475508,0.165159046206708,-0.30821268861909,0.729101124639357,0.603873746066858,-0.100854821158433,-0.102302457612418,-0.0584983938327026,-0.127128384399036,-0.0547332383052103,0.0269289022388969,0.072270578918216,0.0266213912196956,0.0,0.0,0.0,0.0,0.177913249463654,0.0441895034216805,0.0,0.0,0.0,0.141943378505224,0.0064750278537206,0.0728159245062574,0.0802878791420805,0.100246855156182,0.0766549228191342,-0.0113975423275666,-0.0810830747057957,-0.0015476016551486,0.0750168566820582,0.058101080160239,0.182405120967501,0.0795978858507067
0093,0.809021924383545,0.270481920025008,0.318029391137286,0.258451563334097,0.924212652679468,0.916749773401294,0.917059354764535,0.81729953618854,0.997080733033132,0.109941620491074,1.0297666308148,0.717675715967808,0.0720422753882845,-0.0341562387673268,0.0828589222834886,0.317585486764446,0.0877410267353265,0.127386982338062,0.0801705994911433,0.226771659711707,0.592757239011316,0.392244966583792,0.150687180797385,0.273972314783704,0.0492692366643953,0.823244824614503,0.380517391706854,0.0195528910599795,-0.0025813919095291,0.0217530150545931,-0.475850931823834,-0.0437378062633687,-0.0697715893779455,-0.0364758110770576,-0.255456414676399,-0.567469996084154,-0.216094156302613,-0.217312219915072,-0.39210594933362,-0.0448226701267929,-0.487321850575324,-0.1134964675116,-0.173581320766847,-0.209359489489821,-0.176967069592808,1.28592060442113,0.0917594325315968,0.105206132191811,0.087568459462516,0.867128364608329,1.23447975645174,1.20720358720223,0.612349264182241,1.01921173626603,0.0622030090640391,1.2910235124864,1.14279682962344,-0.0300549730318905,-0.116736032103678,-0.0228290213380113,0.235196649450208,-0.0223755682947251,-0.0379561827090198,-0.0109286254248921,0.0263669226134061,0.453193142643603,0.451169042602508,0.148560094537878,0.388491707407642,0.139024131826249,0.393628493186029,0.2862654154449,-0.02325071856358,-0.0227791906043604,-0.028203434251715,0.465452136911379,0.115811547176098,0.124024683861246,0.105052465315828,0.921432675283015,0.584812404613639,0.422290476648074,0.405240099590756,0.643765153228622,0.0643098178992793,0.665119550415481,0.375065636093511,0.32930450935365,0.286051056102969,0.337954887653794,0.280433283002755,0.774815679143822,0.648993183022337,0.27493446693984,0.669951167817817,0.0672057834677473,0.779093961924462,0.442135822695032,0.0301201429742588,0.0110671151968682,0.0475778547214486,0.0934134161169667,0.0432994923755428,5.13128020851183e-05,-0.0168115838419135,0.0017591751201638,0.0,0.0,0.0,0.0,0.0,0.0,0.0,0.0,0.0,0.0131645397370324,0.0,0.0237454177504264,0.0246469444351375,0.043812764569938,0.0166301307782433,0.0239573237775822,0.108225356857349,0.0172712291955864,0.07070028088493,0.0341900399127062,0.185481401510696,0.0452038133564763
0097,0.66047756530113,0.429732926006569,0.375598795632548,0.462187785521726,0.694013786400895,0.461116550303736,0.579851833851314,0.733386015814807,0.685823503631602,0.181462631134493,0.559698120763872,0.890709594669448,0.115963003779951,0.141651142904498,0.0988726688526932,0.426417578942798,0.13704771437993,0.178785879822998,0.121779578731377,0.247578640444327,0.685184786805546,0.590602675854921,0.155688696199509,0.277196706816584,-0.0866539477466203,0.907577707980253,1.14714260810176,-0.0097208642925771,0.0014027830938703,-0.0223061445717796,-0.386406340783978,-0.0582383501512305,-0.112624999989655,-0.050868466449573,-0.332982902865517,-0.633559042255698,-0.367641327699898,-0.297405630604554,-0.646941878341915,-0.208256404976364,-0.56777852452824,-0.0767848753499283,-0.158640168106501,-0.200927767115365,-0.13973680042319,0.675415116645558,0.164125522277478,0.135399801816545,0.167235606336195,1.13871402222538,1.09127486673986,1.12932082627805,0.701593929035215,0.951411928206673,0.0066760404608798,1.22844090318044,2.12988482320008,-0.0104544496801875,-0.0534366011509441,-0.0004199326099519,0.142142213041168,-0.0017654455399982,-0.031739277392103,0.0754425558021858,-0.0094957247098891,0.157987164489854,0.091505807750669,-0.0137919831490354,0.0312942066595439,-0.107266627781209,0.155507879784611,0.340788402653755,-0.0200521329655328,-0.0429553026457969,0.003554532029512,0.373293413960269,0.202753659655021,0.226155708300024,0.20556328377381,1.27016638138266,0.839264872652794,0.925161046327334,0.874959109635102,0.918381939345116,0.0233080127379915,0.97204158753394,1.21596685104293,0.16698516651174,0.234279185846825,-0.0153245920249896,0.274576136233375,0.259476608096665,0.245827692010339,0.236100478895591,0.459588902513966,0.167376610055712,0.375038985763307,0.441984460360894,0.0052658056584095,0.0192549104234714,0.0433862547258703,0.118335444404201,0.0164162828476652,-0.031427402923108,-0.0541683249076471,-0.0328182580367617,0.0,0.0,0.0,0.0,0.0108463842862358,0.0,0.0,0.0,0.0,0.0230934258807746,0.0,-0.0505180375893993,-0.0566395738461287,-0.0566359466352525,-0.0537252996556359,0.0003648841975016,-0.0641501163683162,0.0084899573133192,-0.106299519919305,-0.0098378729279371,-0.270437366956459,-0.0544609514753261
0107,-0.0320542147314706,0.0826665814164902,0.0839748823391474,0.074510608807705,-0.0577846161750872,0.459576370347684,0.40277742033741,0.235158215712727,0.305762200826113,-0.532255540522254,0.498480446909932,0.122158704212676,-0.0867142024510065,-0.143097648725312,-0.0988803909140511,0.160423006583901,0.143839735111312,0.139581481822909,0.102495303996713,-0.0525166428961074,1.57183271262204,1.14721774702949,0.0470082071430109,0.344036876996711,-0.125364284990283,1.67188719799318,0.20061646900659,0.053376060062941,0.0646607670274835,0.0445389235387486,-0.422725499824333,-0.121870344245347,-0.0739638029288688,-0.0664513025541064,-0.543146638954141,-0.611028196755001,-0.456834498955202,-0.0930320481178407,-0.402473270162723,-0.27331232579389,-0.453504055876485,0.0070490554750617,-0.10299468701205,-0.217981362360047,-0.1032662695602,0.0292675471770109,0.0315175771901924,0.148037966923702,0.0260475019244524,-0.268023953555276,1.3838781396431,1.24487915900849,0.0350621206403612,0.335096426143108,-0.116009180984398,1.33362940762055,0.0037448335662015,-0.104562724052629,-0.169805054222319,-0.10161504436631,-0.153861200314668,-0.0558610310370793,0.0433357553266558,-0.0446188602420898,-0.793722276281407,0.161335480697979,0.157376896550091,-0.0281697572277772,0.0488299627983924,-0.457061534613606,0.101968416037985,-0.0876994547565322,-0.0659606893560873,-0.0988370852938898,-0.0644919790055161,0.25512923955767,0.105357180956994,0.049856326533553,0.0901540647961682,-0.0484679870169336,1.17067743401987,1.09954319338672,0.141435701082249,0.490860356023634,0.0820896872474328,1.13482346654882,0.282418979299217,0.0192541291273454,0.111198900910609,0.0314513935967824,0.077059611406328,0.668275947874374,0.605056116346683,0.336096732387553,0.197653524512394,-0.453176715800043,0.656064447866785,0.200084235043971,0.0374540362435952,0.0092946915543908,-0.0078705260340038,-0.219582996487351,0.0042743149952072,2.19206905237016,1.99445712664837,2.20378396189985,2.89928847146919,3.32868818403604,2.94730603983971,3.37679806472104,3.99489125355523,3.80651390406725,0.974646946629831,3.88356059811107,2.96045059220245,4.0183057590859,2.8246220183765,2.44579244401431,2.45620804161781,2.46162245507218,2.44049195929617,2.23141397760763,2.46945489860732,2.20632362744265,2.59287974843191,2.42021589878869,2.67138137215121,2.41891270079108
0124,0.0644423441301916,0.983829937056013,0.335116280453283,0.585377912949515,0.44392369860778,0.311596101477772,0.409457263609851,-0.273115119621884,0.758807795023573,1.44557331888902,0.110100750606999,0.124217362598496,0.0565248475381919,0.0230493553206327,0.0585885970235029,1.14648348856825,0.589646721753017,0.186092196388858,0.350945716803142,0.886132275321272,0.540403397346443,0.877990420039442,0.112287046560746,1.06835397259616,1.38347033803659,0.702237306846154,1.13397559246495,0.0373505629262032,0.0737074993975335,0.0394994044580225,-0.71169138634434,0.0438456632688071,-0.106228576142649,-0.112486072475042,-0.0399909955666741,-0.554126602618197,-0.360590787776452,-0.241028614699595,-0.564057772096262,-0.824314108311168,-0.46223572847578,-0.477178236235475,0.0105784726871203,-0.101444941258552,0.0192355305906595,0.96130887152744,0.659429520500095,0.294874885608418,0.366886516869647,1.39060625581409,1.66329681372283,1.88245394499299,0.0729741987499826,1.86621995082533,1.43216586484842,1.44450967343584,0.817458751079096,-0.0405383749808305,0.0267253149200677,-0.043481228121058,0.164781298497737,0.0585947722749514,-0.0291211486573273,0.11801360550725,0.352564087258453,0.299925064610792,0.340080328674568,-0.253397481712467,0.338135886009123,0.223394377342438,0.096047954554273,0.139761997496201,0.0404455502040322,0.115037611242715,0.0314638922601373,0.391717837478152,0.793491588371828,0.42887316174093,0.469724586827313,1.3509409002343,0.92570245360724,1.15040914987831,0.0816313019859768,1.33280877119183,1.46847607003667,0.691156535418925,0.39950214317537,0.180718758499624,0.258610951095295,-0.0539247123361175,0.215345205371907,0.905049838618373,1.07420823301415,-0.121897574203249,1.01904884830871,0.270774197023493,0.43824228586065,0.37442339644027,0.0272867795087575,0.0109613146206893,0.0132149381291291,0.043679229977253,0.0054305735701226,0.0005254937228305,0.0005587774752647,0.0032488088464376,0.0435217260784629,0.0476698256738852,0.040619623494512,0.0252358502552212,0.0285017185621786,0.0587050225397377,0.0,0.0557042066688126,0.0167852654412857,0.0185544287902502,0.047964353613616,0.0172312478587752,0.0203022139665454,0.0287826852210719,0.0207069753494101,0.0419215336123301,0.0275036293383171,0.0496473563293534,0.0561645345238336,0.0512040407799672,0.0550405132795586,-0.0296072970914548
0130,-0.0546686897116574,,,,,-1.69917163239474,-1.64420740578825,0.0,,,,-0.114613313259373,-1.55762599284927,,-1.55762599284927,-0.0802335513122857,,,,,-0.397192950336411,-0.428433848867317,0.0,,,,0.0467952213647739,0.203226120849818,,0.203226120849818,0.490580902969586,,,,,-0.360279932239599,-0.587715121945433,0.0,,,,-0.157501009463818,-0.355063631113744,,-0.355063631113744,0.103650909502099,,,,,0.021950958608998,-0.386182492971532,0.0,,,,-0.0108657397540546,-2.37279611016396,,-2.37279611016396,-0.115929003174092,,,,,-0.543770758318033,-0.901716877706724,0.0,,,,-0.145548170696074,-0.44926268336219,,-0.44926268336219,-0.0351755223613178,,,,,-0.0748174455259708,0.214946737240126,0.0,,,,-0.152748332151351,0.537312289207581,,,,-0.759696818115483,-0.424539234658936,0.0,,,,-0.156992178991799,,0.106615700379236,-0.182155403644907,,-0.182155403644907,0.151032101636597,,0.151032101636597,-0.0518810433794123,,,,0.0,-0.140557793940636,0.0,,,,0.0,0.226280508137752,0.344719095675685,,0.337457758736184,-0.470492801006609,,-0.470492801006609,,,,
0132,-0.0851242252326554,-0.0116567471984172,-0.0298840427355611,-0.0196333429947946,0.190176694077263,0.0156673132416976,0.0292588955345789,-0.035026036122388,0.0842538189004367,0.338324053829133,0.437680498471612,-0.0595759208855609,-0.0311718670047779,-0.0279730808199137,-0.0252052614695276,-0.0779968050595203,0.0741198958991239,0.0410496004714667,0.0638636783048434,-0.0159144266049772,-0.603123620981585,-0.774269053808744,-0.008024841761873,0.041322799226715,0.145006947029854,1.0839067613837,-0.0877453915223296,0.0810519781524962,0.0294013665700168,0.101370443915701,-0.0532047245435228,-0.0128715758353319,-0.0374998980073203,-0.0135390777277635,0.0241524576228718,-0.498235365159841,-0.522832268017272,-0.0985430049842052,-0.218220277884257,-0.045919116759465,-0.0905713379219344,-0.047365505463691,-0.0465287452742764,-0.0664884187615993,-0.0441052556341406,-0.0963800343874204,-0.111721449583472,-0.1471354268029,-0.102863667547249,-0.0189176505906546,-0.0225959329035725,-0.0338193365216393,-0.0925181558772668,-0.0795330885123757,0.0220196119243794,0.902897788012443,-0.017119680417402,-0.205252713826681,-0.212408254579042,-0.208177307647906,-0.0153115258923304,-0.039954695402572,-0.10757223676727,-0.0598509652648407,0.0537611817242669,0.0424137275410423,-0.0211899821570019,-0.0986583965654331,-0.1082760829081,-0.0310836851886924,0.41114585144045,-0.0445323074097947,-0.127367240686923,-0.151517198048115,-0.106296141646685,0.365647785261271,0.0615396443551182,-0.0063411844448718,0.0712405435772173,-0.132039823887287,0.181154816864089,0.189318405838727,-0.0406414805392674,0.197550318871184,0.0088575684453485,0.766656759773818,0.270054652984682,0.100652963426298,0.0989006246471513,0.105564789200465,0.0452825209149985,0.0809934637752634,0.0354808477713964,-0.089701777659421,0.0062404571243059,0.180913779234296,0.77833600833314,0.0739253724572581,0.0555885076581261,-0.0092308393639942,-0.0008402975824483,-0.018954657828085,0.0121547685891004,1.50569215598481,1.43729785221873,1.55626575499099,2.41099890605228,1.55828676850257,0.887162864709578,1.7281973697274,3.85863721612641,3.5652047736869,0.0487520328243944,2.80890160790485,0.157116484501392,4.0226234829695,2.09976419625075,1.58055611877762,2.12742442108998,2.43213877217581,1.49369377904684,1.43763785467119,1.63915774263223,1.36809673180536,0.868034660757775,0.81961674673098,2.28861788540331,1.8862967993976
0133,-0.125718573064392,0.187350544986696,0.186091724467002,0.165412431022799,0.312435409689391,0.293894282787592,0.20311043475561,-0.136882157116842,0.356016947681775,0.462919710463434,0.126116891735529,-0.132821355513091,0.108858900723908,0.0158487983364682,0.116261957056196,0.0534799237814088,-0.0460890760790059,-0.0349765062076654,-0.0433858342364672,0.0275046664680605,-0.0123614862035812,0.025399265119845,0.000605771404005,0.0747097556445987,-0.131881669011188,0.0679753772285074,0.0206815722521577,-0.0516988879842376,-0.0836027801140811,-0.0501491688344594,0.0087997241593329,0.213403177806102,0.377028582987903,0.167459274267411,0.280783933275403,0.317818446801518,0.145615373880479,0.13768355343147,0.732198791857799,0.548432247826804,0.290427894001668,-0.0311715223764333,0.597389546491308,0.555199761119048,0.600212922241757,-0.11616233799603,0.0706775801158234,0.108630190666447,0.0606086717000244,-0.127003272759217,0.097302926751536,-0.0389021564404815,-0.0495109561993473,0.166068904864723,0.228602068833923,0.243009762708239,-0.138383029578457,-0.218672607725392,-0.177261547731101,-0.225412517766442,-0.0843442931817218,-0.622196677930902,-0.773187195020063,-0.580640368765434,-0.225793670264937,0.0496959867324933,0.133625301318073,-0.104853715311405,0.0750285793278472,-0.144645904737269,-0.217579972771157,-0.124474126450746,-0.571677945284067,-0.533901801554922,-0.581901083720612,0.11967392143945,0.127562289682994,0.0706823238746946,0.149206133653551,-0.0011802631484076,0.297065869974681,0.268405819290983,0.0229241998402298,0.237513966488342,0.0729429900151278,0.160062491441641,0.108166369678254,-0.0728187186910909,0.175685691771192,0.278195531556996,0.172920501848214,0.511800360704321,0.163172558328565,-0.24474917685086,0.0082210728190013,-0.0557809326757567,0.627894510579295,-0.0660800080907734,0.0126606415028027,-0.0320052299202152,-0.004946684645984,-0.105345031800325,0.0025287717760861,1.17819473454535,0.979694506042328,1.20056427392531,2.07255208351926,2.4994436236097,2.11599291399147,2.59341666217801,3.51249555576864,3.41007762588553,0.425355262323387,3.26738269747998,2.5675680274251,3.58970829884749,1.92137872563589,1.83103131764695,1.8766306485468,1.92467788175486,1.81524536363859,1.74793276453717,1.86697432409797,1.73333629370069,1.65161943197828,1.64609576564613,1.9083984080626,2.02400076014609
0148,0.526853317197935,0.214792192139,0.344757645610801,0.131696642003383,0.778889394958547,0.873715473880832,0.83381867067366,0.594074241243444,0.970789694799679,-0.0794796238636353,0.862274060296579,0.510670244587788,-0.0204260308793182,-0.0134074497916921,-0.0220542443819415,0.3193977846247,0.0797193766951268,0.0667884309700549,0.0474056203839085,0.201649357556542,0.825169678999799,1.04070922701668,0.191002129797603,0.43866336465205,0.146461477563853,1.02028184897062,0.36592227327044,-0.0775910852928301,-0.0120018835238576,-0.0878952903359486,-0.695167069925988,-0.0607220904023651,-0.135318072403083,-0.0541105024781094,-0.363176654196051,-0.646105369671017,-0.379331096805719,-0.233003606879799,-0.746418856463853,-0.25412471409567,-0.42347487925909,-0.638615923990332,-0.222170641436735,-0.240520760640411,-0.222045429400473,0.577758908405297,0.0814545966796447,0.0783740781936275,0.0420537049788443,0.532272947292625,1.53180764841178,1.4809487677116,0.391920393025236,1.44445099579617,0.165623654792923,1.47763945987053,0.510730334774467,-0.106982593383858,-0.144798630905018,-0.107320415084616,0.0168899068154462,-0.0874581438132664,-0.126553707780704,-0.0760110237806448,-0.0210335192201734,0.26611164690674,0.37484715337919,0.0642384719584031,0.351217806637443,-0.206154053778858,0.0564382816195812,-0.0058188885450379,-0.138986023402959,-0.0794337615306493,-0.142039070962191,0.124724452629416,0.0512958579353762,0.105963216747927,0.015550795761102,0.622757972079018,0.926744755743019,0.951139796921554,0.208982629902259,1.0513038478451,0.0397537798689288,0.908058987054713,0.143606124305344,0.157213626191621,0.265082184711051,0.449679422719833,0.200754308530402,0.776759782940441,0.794576248996071,0.355624097777025,0.640890698926967,0.0730405916559421,0.819525545707072,0.357169346131799,0.0686750224290336,0.0389645688952932,0.0249115895533938,0.0676180919665174,0.0158617967008945,0.0014718708203745,0.0171766269082841,-0.00152686378965,-0.0004161332256479,0.0,0.0,0.0,0.0141329471153882,0.0,0.0,0.0,0.0,0.0404697186458056,-0.0014760443751154,-0.0554852112596181,-0.0521361147324632,-0.0094129418117023,-0.063944549561323,-0.0670339274252379,-0.0091003168801063,-0.0736350678525879,-0.0961047673468981,-0.102582514124655,-0.196777501966556,-0.0549735215715511
